ISO-10303-21;
HEADER;
FILE_DESCRIPTION(('FreeCAD Model'),'2;1');
FILE_NAME('Open CASCADE Shape Model','2026-07-16T15:42:38',(''),(''),
  'Open CASCADE STEP processor 7.8','FreeCAD','Unknown');
FILE_SCHEMA(('AUTOMOTIVE_DESIGN { 1 0 10303 214 1 1 1 1 }'));
ENDSEC;
DATA;
#1 = APPLICATION_PROTOCOL_DEFINITION('international standard',
  'automotive_design',2000,#2);
#2 = APPLICATION_CONTEXT(
  'core data for automotive mechanical design processes');
#3 = SHAPE_DEFINITION_REPRESENTATION(#4,#10);
#4 = PRODUCT_DEFINITION_SHAPE('','',#5);
#5 = PRODUCT_DEFINITION('design','',#6,#9);
#6 = PRODUCT_DEFINITION_FORMATION('','',#7);
#7 = PRODUCT('Xsens_enclosure_base','Xsens_enclosure_base','',(#8));
#8 = PRODUCT_CONTEXT('',#2,'mechanical');
#9 = PRODUCT_DEFINITION_CONTEXT('part definition',#2,'design');
#10 = SHAPE_REPRESENTATION('',(#11,#15,#19,#23,#27,#31,#35,#39,#43,#47,
    #51,#55),#59);
#11 = AXIS2_PLACEMENT_3D('',#12,#13,#14);
#12 = CARTESIAN_POINT('',(0.,0.,0.));
#13 = DIRECTION('',(0.,0.,1.));
#14 = DIRECTION('',(1.,0.,-0.));
#15 = AXIS2_PLACEMENT_3D('',#16,#17,#18);
#16 = CARTESIAN_POINT('',(0.,0.,0.));
#17 = DIRECTION('',(0.,0.,1.));
#18 = DIRECTION('',(1.,0.,0.));
#19 = AXIS2_PLACEMENT_3D('',#20,#21,#22);
#20 = CARTESIAN_POINT('',(30.,-75.,5.));
#21 = DIRECTION('',(0.,0.,1.));
#22 = DIRECTION('',(1.,0.,0.));
#23 = AXIS2_PLACEMENT_3D('',#24,#25,#26);
#24 = CARTESIAN_POINT('',(75.,-50.,5.));
#25 = DIRECTION('',(0.,-0.,1.));
#26 = DIRECTION('',(1.110223024625E-16,1.,0.));
#27 = AXIS2_PLACEMENT_3D('',#28,#29,#30);
#28 = CARTESIAN_POINT('',(29.223292151163,-75.,5.));
#29 = DIRECTION('',(0.,0.,1.));
#30 = DIRECTION('',(1.,0.,0.));
#31 = AXIS2_PLACEMENT_3D('',#32,#33,#34);
#32 = CARTESIAN_POINT('',(0.,0.,0.));
#33 = DIRECTION('',(0.,0.,1.));
#34 = DIRECTION('',(1.,0.,0.));
#35 = AXIS2_PLACEMENT_3D('',#36,#37,#38);
#36 = CARTESIAN_POINT('',(29.223292151163,-75.,5.));
#37 = DIRECTION('',(0.,0.,1.));
#38 = DIRECTION('',(1.,0.,0.));
#39 = AXIS2_PLACEMENT_3D('',#40,#41,#42);
#40 = CARTESIAN_POINT('',(0.,0.,0.));
#41 = DIRECTION('',(0.,0.,1.));
#42 = DIRECTION('',(1.,0.,0.));
#43 = AXIS2_PLACEMENT_3D('',#44,#45,#46);
#44 = CARTESIAN_POINT('',(75.,-50.77670784883,5.));
#45 = DIRECTION('',(0.,-0.,1.));
#46 = DIRECTION('',(1.110223024625E-16,1.,0.));
#47 = AXIS2_PLACEMENT_3D('',#48,#49,#50);
#48 = CARTESIAN_POINT('',(0.,0.,0.));
#49 = DIRECTION('',(0.,0.,1.));
#50 = DIRECTION('',(1.,0.,0.));
#51 = AXIS2_PLACEMENT_3D('',#52,#53,#54);
#52 = CARTESIAN_POINT('',(75.,-50.77670784883,5.));
#53 = DIRECTION('',(0.,-0.,1.));
#54 = DIRECTION('',(1.110223024625E-16,1.,0.));
#55 = AXIS2_PLACEMENT_3D('',#56,#57,#58);
#56 = CARTESIAN_POINT('',(0.,0.,0.));
#57 = DIRECTION('',(0.,0.,1.));
#58 = DIRECTION('',(1.,0.,0.));
#59 = ( GEOMETRIC_REPRESENTATION_CONTEXT(3) 
GLOBAL_UNCERTAINTY_ASSIGNED_CONTEXT((#63)) GLOBAL_UNIT_ASSIGNED_CONTEXT(
(#60,#61,#62)) REPRESENTATION_CONTEXT('Context #1',
  '3D Context with UNIT and UNCERTAINTY') );
#60 = ( LENGTH_UNIT() NAMED_UNIT(*) SI_UNIT(.MILLI.,.METRE.) );
#61 = ( NAMED_UNIT(*) PLANE_ANGLE_UNIT() SI_UNIT($,.RADIAN.) );
#62 = ( NAMED_UNIT(*) SI_UNIT($,.STERADIAN.) SOLID_ANGLE_UNIT() );
#63 = UNCERTAINTY_MEASURE_WITH_UNIT(LENGTH_MEASURE(1.E-07),#60,
  'distance_accuracy_value','confusion accuracy');
#64 = PRODUCT_RELATED_PRODUCT_CATEGORY('part',$,(#7));
#65 = SHAPE_DEFINITION_REPRESENTATION(#66,#72);
#66 = PRODUCT_DEFINITION_SHAPE('','',#67);
#67 = PRODUCT_DEFINITION('design','',#68,#71);
#68 = PRODUCT_DEFINITION_FORMATION('','',#69);
#69 = PRODUCT('Body','Body','',(#70));
#70 = PRODUCT_CONTEXT('',#2,'mechanical');
#71 = PRODUCT_DEFINITION_CONTEXT('part definition',#2,'design');
#72 = ADVANCED_BREP_SHAPE_REPRESENTATION('',(#11,#73),#1208);
#73 = MANIFOLD_SOLID_BREP('',#74);
#74 = CLOSED_SHELL('',(#75,#115,#146,#177,#238,#341,#353,#370,#387,#404,
    #421,#452,#495,#519,#536,#582,#626,#673,#729,#769,#786,#809,#878,
    #902,#936,#960,#996,#1021,#1055,#1072,#1106,#1127,#1156,#1181,#1190,
    #1199));
#75 = ADVANCED_FACE('',(#76),#110,.F.);
#76 = FACE_BOUND('',#77,.F.);
#77 = EDGE_LOOP('',(#78,#88,#96,#104));
#78 = ORIENTED_EDGE('',*,*,#79,.T.);
#79 = EDGE_CURVE('',#80,#82,#84,.T.);
#80 = VERTEX_POINT('',#81);
#81 = CARTESIAN_POINT('',(0.,0.,0.));
#82 = VERTEX_POINT('',#83);
#83 = CARTESIAN_POINT('',(0.,0.,5.));
#84 = LINE('',#85,#86);
#85 = CARTESIAN_POINT('',(0.,0.,0.));
#86 = VECTOR('',#87,1.);
#87 = DIRECTION('',(0.,0.,1.));
#88 = ORIENTED_EDGE('',*,*,#89,.T.);
#89 = EDGE_CURVE('',#82,#90,#92,.T.);
#90 = VERTEX_POINT('',#91);
#91 = CARTESIAN_POINT('',(0.,-80.,5.));
#92 = LINE('',#93,#94);
#93 = CARTESIAN_POINT('',(0.,0.,5.));
#94 = VECTOR('',#95,1.);
#95 = DIRECTION('',(0.,-1.,0.));
#96 = ORIENTED_EDGE('',*,*,#97,.F.);
#97 = EDGE_CURVE('',#98,#90,#100,.T.);
#98 = VERTEX_POINT('',#99);
#99 = CARTESIAN_POINT('',(0.,-80.,0.));
#100 = LINE('',#101,#102);
#101 = CARTESIAN_POINT('',(0.,-80.,0.));
#102 = VECTOR('',#103,1.);
#103 = DIRECTION('',(0.,0.,1.));
#104 = ORIENTED_EDGE('',*,*,#105,.F.);
#105 = EDGE_CURVE('',#80,#98,#106,.T.);
#106 = LINE('',#107,#108);
#107 = CARTESIAN_POINT('',(0.,0.,0.));
#108 = VECTOR('',#109,1.);
#109 = DIRECTION('',(0.,-1.,0.));
#110 = PLANE('',#111);
#111 = AXIS2_PLACEMENT_3D('',#112,#113,#114);
#112 = CARTESIAN_POINT('',(0.,0.,0.));
#113 = DIRECTION('',(1.,0.,0.));
#114 = DIRECTION('',(0.,-1.,0.));
#115 = ADVANCED_FACE('',(#116),#141,.F.);
#116 = FACE_BOUND('',#117,.F.);
#117 = EDGE_LOOP('',(#118,#128,#134,#135));
#118 = ORIENTED_EDGE('',*,*,#119,.T.);
#119 = EDGE_CURVE('',#120,#122,#124,.T.);
#120 = VERTEX_POINT('',#121);
#121 = CARTESIAN_POINT('',(80.,0.,0.));
#122 = VERTEX_POINT('',#123);
#123 = CARTESIAN_POINT('',(80.,0.,5.));
#124 = LINE('',#125,#126);
#125 = CARTESIAN_POINT('',(80.,0.,0.));
#126 = VECTOR('',#127,1.);
#127 = DIRECTION('',(0.,0.,1.));
#128 = ORIENTED_EDGE('',*,*,#129,.T.);
#129 = EDGE_CURVE('',#122,#82,#130,.T.);
#130 = LINE('',#131,#132);
#131 = CARTESIAN_POINT('',(80.,0.,5.));
#132 = VECTOR('',#133,1.);
#133 = DIRECTION('',(-1.,0.,0.));
#134 = ORIENTED_EDGE('',*,*,#79,.F.);
#135 = ORIENTED_EDGE('',*,*,#136,.F.);
#136 = EDGE_CURVE('',#120,#80,#137,.T.);
#137 = LINE('',#138,#139);
#138 = CARTESIAN_POINT('',(80.,0.,0.));
#139 = VECTOR('',#140,1.);
#140 = DIRECTION('',(-1.,0.,0.));
#141 = PLANE('',#142);
#142 = AXIS2_PLACEMENT_3D('',#143,#144,#145);
#143 = CARTESIAN_POINT('',(80.,0.,0.));
#144 = DIRECTION('',(0.,-1.,0.));
#145 = DIRECTION('',(-1.,0.,0.));
#146 = ADVANCED_FACE('',(#147),#172,.F.);
#147 = FACE_BOUND('',#148,.F.);
#148 = EDGE_LOOP('',(#149,#150,#158,#166));
#149 = ORIENTED_EDGE('',*,*,#97,.T.);
#150 = ORIENTED_EDGE('',*,*,#151,.T.);
#151 = EDGE_CURVE('',#90,#152,#154,.T.);
#152 = VERTEX_POINT('',#153);
#153 = CARTESIAN_POINT('',(80.,-80.,5.));
#154 = LINE('',#155,#156);
#155 = CARTESIAN_POINT('',(0.,-80.,5.));
#156 = VECTOR('',#157,1.);
#157 = DIRECTION('',(1.,0.,0.));
#158 = ORIENTED_EDGE('',*,*,#159,.F.);
#159 = EDGE_CURVE('',#160,#152,#162,.T.);
#160 = VERTEX_POINT('',#161);
#161 = CARTESIAN_POINT('',(80.,-80.,0.));
#162 = LINE('',#163,#164);
#163 = CARTESIAN_POINT('',(80.,-80.,0.));
#164 = VECTOR('',#165,1.);
#165 = DIRECTION('',(0.,0.,1.));
#166 = ORIENTED_EDGE('',*,*,#167,.F.);
#167 = EDGE_CURVE('',#98,#160,#168,.T.);
#168 = LINE('',#169,#170);
#169 = CARTESIAN_POINT('',(0.,-80.,0.));
#170 = VECTOR('',#171,1.);
#171 = DIRECTION('',(1.,0.,0.));
#172 = PLANE('',#173);
#173 = AXIS2_PLACEMENT_3D('',#174,#175,#176);
#174 = CARTESIAN_POINT('',(0.,-80.,0.));
#175 = DIRECTION('',(0.,1.,0.));
#176 = DIRECTION('',(1.,0.,0.));
#177 = ADVANCED_FACE('',(#178,#189,#200,#211,#222),#233,.F.);
#178 = FACE_BOUND('',#179,.F.);
#179 = EDGE_LOOP('',(#180,#181,#182,#188));
#180 = ORIENTED_EDGE('',*,*,#105,.T.);
#181 = ORIENTED_EDGE('',*,*,#167,.T.);
#182 = ORIENTED_EDGE('',*,*,#183,.T.);
#183 = EDGE_CURVE('',#160,#120,#184,.T.);
#184 = LINE('',#185,#186);
#185 = CARTESIAN_POINT('',(80.,-80.,0.));
#186 = VECTOR('',#187,1.);
#187 = DIRECTION('',(0.,1.,0.));
#188 = ORIENTED_EDGE('',*,*,#136,.T.);
#189 = FACE_BOUND('',#190,.F.);
#190 = EDGE_LOOP('',(#191));
#191 = ORIENTED_EDGE('',*,*,#192,.T.);
#192 = EDGE_CURVE('',#193,#193,#195,.T.);
#193 = VERTEX_POINT('',#194);
#194 = CARTESIAN_POINT('',(12.5,-70.,0.));
#195 = CIRCLE('',#196,2.5);
#196 = AXIS2_PLACEMENT_3D('',#197,#198,#199);
#197 = CARTESIAN_POINT('',(10.,-70.,0.));
#198 = DIRECTION('',(0.,0.,-1.));
#199 = DIRECTION('',(1.,0.,0.));
#200 = FACE_BOUND('',#201,.F.);
#201 = EDGE_LOOP('',(#202));
#202 = ORIENTED_EDGE('',*,*,#203,.T.);
#203 = EDGE_CURVE('',#204,#204,#206,.T.);
#204 = VERTEX_POINT('',#205);
#205 = CARTESIAN_POINT('',(72.5,-70.,0.));
#206 = CIRCLE('',#207,2.5);
#207 = AXIS2_PLACEMENT_3D('',#208,#209,#210);
#208 = CARTESIAN_POINT('',(70.,-70.,0.));
#209 = DIRECTION('',(0.,0.,-1.));
#210 = DIRECTION('',(1.,0.,0.));
#211 = FACE_BOUND('',#212,.F.);
#212 = EDGE_LOOP('',(#213));
#213 = ORIENTED_EDGE('',*,*,#214,.T.);
#214 = EDGE_CURVE('',#215,#215,#217,.T.);
#215 = VERTEX_POINT('',#216);
#216 = CARTESIAN_POINT('',(12.5,-10.,0.));
#217 = CIRCLE('',#218,2.5);
#218 = AXIS2_PLACEMENT_3D('',#219,#220,#221);
#219 = CARTESIAN_POINT('',(10.,-10.,0.));
#220 = DIRECTION('',(0.,0.,-1.));
#221 = DIRECTION('',(1.,0.,0.));
#222 = FACE_BOUND('',#223,.F.);
#223 = EDGE_LOOP('',(#224));
#224 = ORIENTED_EDGE('',*,*,#225,.T.);
#225 = EDGE_CURVE('',#226,#226,#228,.T.);
#226 = VERTEX_POINT('',#227);
#227 = CARTESIAN_POINT('',(72.5,-10.,0.));
#228 = CIRCLE('',#229,2.5);
#229 = AXIS2_PLACEMENT_3D('',#230,#231,#232);
#230 = CARTESIAN_POINT('',(70.,-10.,0.));
#231 = DIRECTION('',(0.,0.,-1.));
#232 = DIRECTION('',(1.,0.,0.));
#233 = PLANE('',#234);
#234 = AXIS2_PLACEMENT_3D('',#235,#236,#237);
#235 = CARTESIAN_POINT('',(40.,-40.,0.));
#236 = DIRECTION('',(0.,0.,1.));
#237 = DIRECTION('',(1.,0.,0.));
#238 = ADVANCED_FACE('',(#239,#250,#261,#272,#283,#325),#336,.T.);
#239 = FACE_BOUND('',#240,.T.);
#240 = EDGE_LOOP('',(#241,#242,#243,#249));
#241 = ORIENTED_EDGE('',*,*,#89,.T.);
#242 = ORIENTED_EDGE('',*,*,#151,.T.);
#243 = ORIENTED_EDGE('',*,*,#244,.T.);
#244 = EDGE_CURVE('',#152,#122,#245,.T.);
#245 = LINE('',#246,#247);
#246 = CARTESIAN_POINT('',(80.,-80.,5.));
#247 = VECTOR('',#248,1.);
#248 = DIRECTION('',(0.,1.,0.));
#249 = ORIENTED_EDGE('',*,*,#129,.T.);
#250 = FACE_BOUND('',#251,.T.);
#251 = EDGE_LOOP('',(#252));
#252 = ORIENTED_EDGE('',*,*,#253,.F.);
#253 = EDGE_CURVE('',#254,#254,#256,.T.);
#254 = VERTEX_POINT('',#255);
#255 = CARTESIAN_POINT('',(12.5,-70.,5.));
#256 = CIRCLE('',#257,2.5);
#257 = AXIS2_PLACEMENT_3D('',#258,#259,#260);
#258 = CARTESIAN_POINT('',(10.,-70.,5.));
#259 = DIRECTION('',(0.,0.,1.));
#260 = DIRECTION('',(1.,0.,0.));
#261 = FACE_BOUND('',#262,.T.);
#262 = EDGE_LOOP('',(#263));
#263 = ORIENTED_EDGE('',*,*,#264,.F.);
#264 = EDGE_CURVE('',#265,#265,#267,.T.);
#265 = VERTEX_POINT('',#266);
#266 = CARTESIAN_POINT('',(72.5,-70.,5.));
#267 = CIRCLE('',#268,2.5);
#268 = AXIS2_PLACEMENT_3D('',#269,#270,#271);
#269 = CARTESIAN_POINT('',(70.,-70.,5.));
#270 = DIRECTION('',(0.,0.,1.));
#271 = DIRECTION('',(1.,0.,0.));
#272 = FACE_BOUND('',#273,.T.);
#273 = EDGE_LOOP('',(#274));
#274 = ORIENTED_EDGE('',*,*,#275,.F.);
#275 = EDGE_CURVE('',#276,#276,#278,.T.);
#276 = VERTEX_POINT('',#277);
#277 = CARTESIAN_POINT('',(12.5,-10.,5.));
#278 = CIRCLE('',#279,2.5);
#279 = AXIS2_PLACEMENT_3D('',#280,#281,#282);
#280 = CARTESIAN_POINT('',(10.,-10.,5.));
#281 = DIRECTION('',(0.,0.,1.));
#282 = DIRECTION('',(1.,0.,0.));
#283 = FACE_BOUND('',#284,.T.);
#284 = EDGE_LOOP('',(#285,#295,#303,#311,#319));
#285 = ORIENTED_EDGE('',*,*,#286,.F.);
#286 = EDGE_CURVE('',#287,#289,#291,.T.);
#287 = VERTEX_POINT('',#288);
#288 = CARTESIAN_POINT('',(20.,-20.,5.));
#289 = VERTEX_POINT('',#290);
#290 = CARTESIAN_POINT('',(20.,-60.,5.));
#291 = LINE('',#292,#293);
#292 = CARTESIAN_POINT('',(20.,-20.,5.));
#293 = VECTOR('',#294,1.);
#294 = DIRECTION('',(0.,-1.,0.));
#295 = ORIENTED_EDGE('',*,*,#296,.F.);
#296 = EDGE_CURVE('',#297,#287,#299,.T.);
#297 = VERTEX_POINT('',#298);
#298 = CARTESIAN_POINT('',(60.,-20.,5.));
#299 = LINE('',#300,#301);
#300 = CARTESIAN_POINT('',(60.,-20.,5.));
#301 = VECTOR('',#302,1.);
#302 = DIRECTION('',(-1.,0.,0.));
#303 = ORIENTED_EDGE('',*,*,#304,.F.);
#304 = EDGE_CURVE('',#305,#297,#307,.T.);
#305 = VERTEX_POINT('',#306);
#306 = CARTESIAN_POINT('',(60.,-60.,5.));
#307 = LINE('',#308,#309);
#308 = CARTESIAN_POINT('',(60.,-60.,5.));
#309 = VECTOR('',#310,1.);
#310 = DIRECTION('',(0.,1.,0.));
#311 = ORIENTED_EDGE('',*,*,#312,.F.);
#312 = EDGE_CURVE('',#313,#305,#315,.T.);
#313 = VERTEX_POINT('',#314);
#314 = CARTESIAN_POINT('',(43.5,-60.,5.));
#315 = LINE('',#316,#317);
#316 = CARTESIAN_POINT('',(20.,-60.,5.));
#317 = VECTOR('',#318,1.);
#318 = DIRECTION('',(1.,0.,0.));
#319 = ORIENTED_EDGE('',*,*,#320,.F.);
#320 = EDGE_CURVE('',#289,#313,#321,.T.);
#321 = LINE('',#322,#323);
#322 = CARTESIAN_POINT('',(20.,-60.,5.));
#323 = VECTOR('',#324,1.);
#324 = DIRECTION('',(1.,0.,0.));
#325 = FACE_BOUND('',#326,.T.);
#326 = EDGE_LOOP('',(#327));
#327 = ORIENTED_EDGE('',*,*,#328,.F.);
#328 = EDGE_CURVE('',#329,#329,#331,.T.);
#329 = VERTEX_POINT('',#330);
#330 = CARTESIAN_POINT('',(72.5,-10.,5.));
#331 = CIRCLE('',#332,2.5);
#332 = AXIS2_PLACEMENT_3D('',#333,#334,#335);
#333 = CARTESIAN_POINT('',(70.,-10.,5.));
#334 = DIRECTION('',(0.,0.,1.));
#335 = DIRECTION('',(1.,0.,0.));
#336 = PLANE('',#337);
#337 = AXIS2_PLACEMENT_3D('',#338,#339,#340);
#338 = CARTESIAN_POINT('',(40.,-40.,5.));
#339 = DIRECTION('',(0.,0.,1.));
#340 = DIRECTION('',(1.,0.,0.));
#341 = ADVANCED_FACE('',(#342),#348,.F.);
#342 = FACE_BOUND('',#343,.F.);
#343 = EDGE_LOOP('',(#344,#345,#346,#347));
#344 = ORIENTED_EDGE('',*,*,#159,.T.);
#345 = ORIENTED_EDGE('',*,*,#244,.T.);
#346 = ORIENTED_EDGE('',*,*,#119,.F.);
#347 = ORIENTED_EDGE('',*,*,#183,.F.);
#348 = PLANE('',#349);
#349 = AXIS2_PLACEMENT_3D('',#350,#351,#352);
#350 = CARTESIAN_POINT('',(80.,-80.,0.));
#351 = DIRECTION('',(-1.,0.,0.));
#352 = DIRECTION('',(0.,1.,0.));
#353 = ADVANCED_FACE('',(#354),#365,.F.);
#354 = FACE_BOUND('',#355,.T.);
#355 = EDGE_LOOP('',(#356,#362,#363,#364));
#356 = ORIENTED_EDGE('',*,*,#357,.F.);
#357 = EDGE_CURVE('',#254,#193,#358,.T.);
#358 = LINE('',#359,#360);
#359 = CARTESIAN_POINT('',(12.5,-70.,5.));
#360 = VECTOR('',#361,1.);
#361 = DIRECTION('',(-5.329070518201E-17,0.,-1.));
#362 = ORIENTED_EDGE('',*,*,#253,.T.);
#363 = ORIENTED_EDGE('',*,*,#357,.T.);
#364 = ORIENTED_EDGE('',*,*,#192,.T.);
#365 = CYLINDRICAL_SURFACE('',#366,2.5);
#366 = AXIS2_PLACEMENT_3D('',#367,#368,#369);
#367 = CARTESIAN_POINT('',(10.,-70.,5.));
#368 = DIRECTION('',(-0.,-0.,-1.));
#369 = DIRECTION('',(1.,0.,0.));
#370 = ADVANCED_FACE('',(#371),#382,.F.);
#371 = FACE_BOUND('',#372,.T.);
#372 = EDGE_LOOP('',(#373,#379,#380,#381));
#373 = ORIENTED_EDGE('',*,*,#374,.F.);
#374 = EDGE_CURVE('',#265,#204,#375,.T.);
#375 = LINE('',#376,#377);
#376 = CARTESIAN_POINT('',(72.5,-70.,5.));
#377 = VECTOR('',#378,1.);
#378 = DIRECTION('',(-5.329070518201E-17,0.,-1.));
#379 = ORIENTED_EDGE('',*,*,#264,.T.);
#380 = ORIENTED_EDGE('',*,*,#374,.T.);
#381 = ORIENTED_EDGE('',*,*,#203,.T.);
#382 = CYLINDRICAL_SURFACE('',#383,2.5);
#383 = AXIS2_PLACEMENT_3D('',#384,#385,#386);
#384 = CARTESIAN_POINT('',(70.,-70.,5.));
#385 = DIRECTION('',(-0.,-0.,-1.));
#386 = DIRECTION('',(1.,0.,0.));
#387 = ADVANCED_FACE('',(#388),#399,.F.);
#388 = FACE_BOUND('',#389,.T.);
#389 = EDGE_LOOP('',(#390,#396,#397,#398));
#390 = ORIENTED_EDGE('',*,*,#391,.F.);
#391 = EDGE_CURVE('',#276,#215,#392,.T.);
#392 = LINE('',#393,#394);
#393 = CARTESIAN_POINT('',(12.5,-10.,5.));
#394 = VECTOR('',#395,1.);
#395 = DIRECTION('',(-5.329070518201E-17,0.,-1.));
#396 = ORIENTED_EDGE('',*,*,#275,.T.);
#397 = ORIENTED_EDGE('',*,*,#391,.T.);
#398 = ORIENTED_EDGE('',*,*,#214,.T.);
#399 = CYLINDRICAL_SURFACE('',#400,2.5);
#400 = AXIS2_PLACEMENT_3D('',#401,#402,#403);
#401 = CARTESIAN_POINT('',(10.,-10.,5.));
#402 = DIRECTION('',(-0.,-0.,-1.));
#403 = DIRECTION('',(1.,0.,0.));
#404 = ADVANCED_FACE('',(#405),#416,.F.);
#405 = FACE_BOUND('',#406,.T.);
#406 = EDGE_LOOP('',(#407,#413,#414,#415));
#407 = ORIENTED_EDGE('',*,*,#408,.F.);
#408 = EDGE_CURVE('',#329,#226,#409,.T.);
#409 = LINE('',#410,#411);
#410 = CARTESIAN_POINT('',(72.5,-10.,5.));
#411 = VECTOR('',#412,1.);
#412 = DIRECTION('',(-5.329070518201E-17,0.,-1.));
#413 = ORIENTED_EDGE('',*,*,#328,.T.);
#414 = ORIENTED_EDGE('',*,*,#408,.T.);
#415 = ORIENTED_EDGE('',*,*,#225,.T.);
#416 = CYLINDRICAL_SURFACE('',#417,2.5);
#417 = AXIS2_PLACEMENT_3D('',#418,#419,#420);
#418 = CARTESIAN_POINT('',(70.,-10.,5.));
#419 = DIRECTION('',(-0.,-0.,-1.));
#420 = DIRECTION('',(1.,0.,0.));
#421 = ADVANCED_FACE('',(#422),#447,.F.);
#422 = FACE_BOUND('',#423,.F.);
#423 = EDGE_LOOP('',(#424,#432,#440,#446));
#424 = ORIENTED_EDGE('',*,*,#425,.T.);
#425 = EDGE_CURVE('',#287,#426,#428,.T.);
#426 = VERTEX_POINT('',#427);
#427 = CARTESIAN_POINT('',(20.,-20.,25.));
#428 = LINE('',#429,#430);
#429 = CARTESIAN_POINT('',(20.,-20.,5.));
#430 = VECTOR('',#431,1.);
#431 = DIRECTION('',(0.,0.,1.));
#432 = ORIENTED_EDGE('',*,*,#433,.T.);
#433 = EDGE_CURVE('',#426,#434,#436,.T.);
#434 = VERTEX_POINT('',#435);
#435 = CARTESIAN_POINT('',(20.,-60.,25.));
#436 = LINE('',#437,#438);
#437 = CARTESIAN_POINT('',(20.,-20.,25.));
#438 = VECTOR('',#439,1.);
#439 = DIRECTION('',(0.,-1.,0.));
#440 = ORIENTED_EDGE('',*,*,#441,.F.);
#441 = EDGE_CURVE('',#289,#434,#442,.T.);
#442 = LINE('',#443,#444);
#443 = CARTESIAN_POINT('',(20.,-60.,5.));
#444 = VECTOR('',#445,1.);
#445 = DIRECTION('',(0.,0.,1.));
#446 = ORIENTED_EDGE('',*,*,#286,.F.);
#447 = PLANE('',#448);
#448 = AXIS2_PLACEMENT_3D('',#449,#450,#451);
#449 = CARTESIAN_POINT('',(20.,-20.,5.));
#450 = DIRECTION('',(1.,0.,0.));
#451 = DIRECTION('',(0.,-1.,0.));
#452 = ADVANCED_FACE('',(#453,#472),#490,.F.);
#453 = FACE_BOUND('',#454,.F.);
#454 = EDGE_LOOP('',(#455,#456,#457,#465,#471));
#455 = ORIENTED_EDGE('',*,*,#320,.F.);
#456 = ORIENTED_EDGE('',*,*,#441,.T.);
#457 = ORIENTED_EDGE('',*,*,#458,.T.);
#458 = EDGE_CURVE('',#434,#459,#461,.T.);
#459 = VERTEX_POINT('',#460);
#460 = CARTESIAN_POINT('',(60.,-60.,25.));
#461 = LINE('',#462,#463);
#462 = CARTESIAN_POINT('',(20.,-60.,25.));
#463 = VECTOR('',#464,1.);
#464 = DIRECTION('',(1.,0.,0.));
#465 = ORIENTED_EDGE('',*,*,#466,.F.);
#466 = EDGE_CURVE('',#305,#459,#467,.T.);
#467 = LINE('',#468,#469);
#468 = CARTESIAN_POINT('',(60.,-60.,5.));
#469 = VECTOR('',#470,1.);
#470 = DIRECTION('',(0.,0.,1.));
#471 = ORIENTED_EDGE('',*,*,#312,.F.);
#472 = FACE_BOUND('',#473,.F.);
#473 = EDGE_LOOP('',(#474,#483));
#474 = ORIENTED_EDGE('',*,*,#475,.T.);
#475 = EDGE_CURVE('',#476,#313,#478,.T.);
#476 = VERTEX_POINT('',#477);
#477 = CARTESIAN_POINT('',(39.5,-60.,9.));
#478 = CIRCLE('',#479,4.);
#479 = AXIS2_PLACEMENT_3D('',#480,#481,#482);
#480 = CARTESIAN_POINT('',(43.5,-60.,9.));
#481 = DIRECTION('',(0.,-1.,2.22044604925E-16));
#482 = DIRECTION('',(-1.,0.,0.));
#483 = ORIENTED_EDGE('',*,*,#484,.T.);
#484 = EDGE_CURVE('',#313,#476,#485,.T.);
#485 = CIRCLE('',#486,4.);
#486 = AXIS2_PLACEMENT_3D('',#487,#488,#489);
#487 = CARTESIAN_POINT('',(43.5,-60.,9.));
#488 = DIRECTION('',(0.,-1.,2.22044604925E-16));
#489 = DIRECTION('',(-1.,0.,0.));
#490 = PLANE('',#491);
#491 = AXIS2_PLACEMENT_3D('',#492,#493,#494);
#492 = CARTESIAN_POINT('',(20.,-60.,5.));
#493 = DIRECTION('',(0.,1.,0.));
#494 = DIRECTION('',(1.,0.,0.));
#495 = ADVANCED_FACE('',(#496),#514,.F.);
#496 = FACE_BOUND('',#497,.F.);
#497 = EDGE_LOOP('',(#498,#499,#507,#513));
#498 = ORIENTED_EDGE('',*,*,#466,.T.);
#499 = ORIENTED_EDGE('',*,*,#500,.T.);
#500 = EDGE_CURVE('',#459,#501,#503,.T.);
#501 = VERTEX_POINT('',#502);
#502 = CARTESIAN_POINT('',(60.,-20.,25.));
#503 = LINE('',#504,#505);
#504 = CARTESIAN_POINT('',(60.,-60.,25.));
#505 = VECTOR('',#506,1.);
#506 = DIRECTION('',(0.,1.,0.));
#507 = ORIENTED_EDGE('',*,*,#508,.F.);
#508 = EDGE_CURVE('',#297,#501,#509,.T.);
#509 = LINE('',#510,#511);
#510 = CARTESIAN_POINT('',(60.,-20.,5.));
#511 = VECTOR('',#512,1.);
#512 = DIRECTION('',(0.,0.,1.));
#513 = ORIENTED_EDGE('',*,*,#304,.F.);
#514 = PLANE('',#515);
#515 = AXIS2_PLACEMENT_3D('',#516,#517,#518);
#516 = CARTESIAN_POINT('',(60.,-60.,5.));
#517 = DIRECTION('',(-1.,0.,0.));
#518 = DIRECTION('',(0.,1.,0.));
#519 = ADVANCED_FACE('',(#520),#531,.F.);
#520 = FACE_BOUND('',#521,.F.);
#521 = EDGE_LOOP('',(#522,#523,#529,#530));
#522 = ORIENTED_EDGE('',*,*,#508,.T.);
#523 = ORIENTED_EDGE('',*,*,#524,.T.);
#524 = EDGE_CURVE('',#501,#426,#525,.T.);
#525 = LINE('',#526,#527);
#526 = CARTESIAN_POINT('',(60.,-20.,25.));
#527 = VECTOR('',#528,1.);
#528 = DIRECTION('',(-1.,0.,0.));
#529 = ORIENTED_EDGE('',*,*,#425,.F.);
#530 = ORIENTED_EDGE('',*,*,#296,.F.);
#531 = PLANE('',#532);
#532 = AXIS2_PLACEMENT_3D('',#533,#534,#535);
#533 = CARTESIAN_POINT('',(60.,-20.,5.));
#534 = DIRECTION('',(0.,-1.,0.));
#535 = DIRECTION('',(-1.,0.,0.));
#536 = ADVANCED_FACE('',(#537,#543),#577,.T.);
#537 = FACE_BOUND('',#538,.T.);
#538 = EDGE_LOOP('',(#539,#540,#541,#542));
#539 = ORIENTED_EDGE('',*,*,#433,.T.);
#540 = ORIENTED_EDGE('',*,*,#458,.T.);
#541 = ORIENTED_EDGE('',*,*,#500,.T.);
#542 = ORIENTED_EDGE('',*,*,#524,.T.);
#543 = FACE_BOUND('',#544,.F.);
#544 = EDGE_LOOP('',(#545,#555,#563,#571));
#545 = ORIENTED_EDGE('',*,*,#546,.T.);
#546 = EDGE_CURVE('',#547,#549,#551,.T.);
#547 = VERTEX_POINT('',#548);
#548 = CARTESIAN_POINT('',(22.5,-22.5,25.));
#549 = VERTEX_POINT('',#550);
#550 = CARTESIAN_POINT('',(22.5,-57.5,25.));
#551 = LINE('',#552,#553);
#552 = CARTESIAN_POINT('',(22.5,-22.5,25.));
#553 = VECTOR('',#554,1.);
#554 = DIRECTION('',(0.,-1.,0.));
#555 = ORIENTED_EDGE('',*,*,#556,.T.);
#556 = EDGE_CURVE('',#549,#557,#559,.T.);
#557 = VERTEX_POINT('',#558);
#558 = CARTESIAN_POINT('',(57.5,-57.5,25.));
#559 = LINE('',#560,#561);
#560 = CARTESIAN_POINT('',(22.5,-57.5,25.));
#561 = VECTOR('',#562,1.);
#562 = DIRECTION('',(1.,0.,0.));
#563 = ORIENTED_EDGE('',*,*,#564,.T.);
#564 = EDGE_CURVE('',#557,#565,#567,.T.);
#565 = VERTEX_POINT('',#566);
#566 = CARTESIAN_POINT('',(57.5,-22.5,25.));
#567 = LINE('',#568,#569);
#568 = CARTESIAN_POINT('',(57.5,-57.5,25.));
#569 = VECTOR('',#570,1.);
#570 = DIRECTION('',(0.,1.,0.));
#571 = ORIENTED_EDGE('',*,*,#572,.T.);
#572 = EDGE_CURVE('',#565,#547,#573,.T.);
#573 = LINE('',#574,#575);
#574 = CARTESIAN_POINT('',(57.5,-22.5,25.));
#575 = VECTOR('',#576,1.);
#576 = DIRECTION('',(-1.,0.,0.));
#577 = PLANE('',#578);
#578 = AXIS2_PLACEMENT_3D('',#579,#580,#581);
#579 = CARTESIAN_POINT('',(40.,-40.,25.));
#580 = DIRECTION('',(0.,0.,1.));
#581 = DIRECTION('',(1.,0.,0.));
#582 = ADVANCED_FACE('',(#583),#621,.F.);
#583 = FACE_BOUND('',#584,.T.);
#584 = EDGE_LOOP('',(#585,#593,#594,#595,#596,#605,#614));
#585 = ORIENTED_EDGE('',*,*,#586,.F.);
#586 = EDGE_CURVE('',#476,#587,#589,.T.);
#587 = VERTEX_POINT('',#588);
#588 = CARTESIAN_POINT('',(39.5,-57.5,9.));
#589 = LINE('',#590,#591);
#590 = CARTESIAN_POINT('',(39.5,-60.,9.));
#591 = VECTOR('',#592,1.);
#592 = DIRECTION('',(7.401486830834E-17,1.,-2.22044604925E-16));
#593 = ORIENTED_EDGE('',*,*,#475,.T.);
#594 = ORIENTED_EDGE('',*,*,#484,.T.);
#595 = ORIENTED_EDGE('',*,*,#586,.T.);
#596 = ORIENTED_EDGE('',*,*,#597,.T.);
#597 = EDGE_CURVE('',#587,#598,#600,.T.);
#598 = VERTEX_POINT('',#599);
#599 = CARTESIAN_POINT('',(47.5,-57.5,9.));
#600 = CIRCLE('',#601,4.);
#601 = AXIS2_PLACEMENT_3D('',#602,#603,#604);
#602 = CARTESIAN_POINT('',(43.5,-57.5,9.));
#603 = DIRECTION('',(0.,1.,-2.22044604925E-16));
#604 = DIRECTION('',(-1.,0.,0.));
#605 = ORIENTED_EDGE('',*,*,#606,.T.);
#606 = EDGE_CURVE('',#598,#607,#609,.T.);
#607 = VERTEX_POINT('',#608);
#608 = CARTESIAN_POINT('',(43.5,-57.5,5.));
#609 = CIRCLE('',#610,4.);
#610 = AXIS2_PLACEMENT_3D('',#611,#612,#613);
#611 = CARTESIAN_POINT('',(43.5,-57.5,9.));
#612 = DIRECTION('',(0.,1.,-2.22044604925E-16));
#613 = DIRECTION('',(-1.,0.,0.));
#614 = ORIENTED_EDGE('',*,*,#615,.T.);
#615 = EDGE_CURVE('',#607,#587,#616,.T.);
#616 = CIRCLE('',#617,4.);
#617 = AXIS2_PLACEMENT_3D('',#618,#619,#620);
#618 = CARTESIAN_POINT('',(43.5,-57.5,9.));
#619 = DIRECTION('',(0.,1.,-2.22044604925E-16));
#620 = DIRECTION('',(-1.,0.,0.));
#621 = CYLINDRICAL_SURFACE('',#622,4.);
#622 = AXIS2_PLACEMENT_3D('',#623,#624,#625);
#623 = CARTESIAN_POINT('',(43.5,-60.,9.));
#624 = DIRECTION('',(0.,1.,-2.22044604925E-16));
#625 = DIRECTION('',(-1.,0.,0.));
#626 = ADVANCED_FACE('',(#627),#668,.T.);
#627 = FACE_BOUND('',#628,.T.);
#628 = EDGE_LOOP('',(#629,#639,#645,#646,#654,#662));
#629 = ORIENTED_EDGE('',*,*,#630,.F.);
#630 = EDGE_CURVE('',#631,#633,#635,.T.);
#631 = VERTEX_POINT('',#632);
#632 = CARTESIAN_POINT('',(22.5,-22.5,15.));
#633 = VERTEX_POINT('',#634);
#634 = CARTESIAN_POINT('',(22.5,-30.5,15.));
#635 = LINE('',#636,#637);
#636 = CARTESIAN_POINT('',(22.5,-22.5,15.));
#637 = VECTOR('',#638,1.);
#638 = DIRECTION('',(0.,-1.,0.));
#639 = ORIENTED_EDGE('',*,*,#640,.T.);
#640 = EDGE_CURVE('',#631,#547,#641,.T.);
#641 = LINE('',#642,#643);
#642 = CARTESIAN_POINT('',(22.5,-22.5,5.));
#643 = VECTOR('',#644,1.);
#644 = DIRECTION('',(0.,0.,1.));
#645 = ORIENTED_EDGE('',*,*,#546,.T.);
#646 = ORIENTED_EDGE('',*,*,#647,.F.);
#647 = EDGE_CURVE('',#648,#549,#650,.T.);
#648 = VERTEX_POINT('',#649);
#649 = CARTESIAN_POINT('',(22.5,-57.5,11.5));
#650 = LINE('',#651,#652);
#651 = CARTESIAN_POINT('',(22.5,-57.5,5.));
#652 = VECTOR('',#653,1.);
#653 = DIRECTION('',(0.,0.,1.));
#654 = ORIENTED_EDGE('',*,*,#655,.F.);
#655 = EDGE_CURVE('',#656,#648,#658,.T.);
#656 = VERTEX_POINT('',#657);
#657 = CARTESIAN_POINT('',(22.5,-30.5,11.5));
#658 = LINE('',#659,#660);
#659 = CARTESIAN_POINT('',(22.5,-22.5,11.5));
#660 = VECTOR('',#661,1.);
#661 = DIRECTION('',(0.,-1.,0.));
#662 = ORIENTED_EDGE('',*,*,#663,.T.);
#663 = EDGE_CURVE('',#656,#633,#664,.T.);
#664 = LINE('',#665,#666);
#665 = CARTESIAN_POINT('',(22.5,-30.5,11.5));
#666 = VECTOR('',#667,1.);
#667 = DIRECTION('',(0.,0.,1.));
#668 = PLANE('',#669);
#669 = AXIS2_PLACEMENT_3D('',#670,#671,#672);
#670 = CARTESIAN_POINT('',(22.5,-22.5,5.));
#671 = DIRECTION('',(1.,0.,0.));
#672 = DIRECTION('',(0.,-1.,0.));
#673 = ADVANCED_FACE('',(#674),#724,.T.);
#674 = FACE_BOUND('',#675,.T.);
#675 = EDGE_LOOP('',(#676,#684,#685,#686,#694,#702,#708,#709,#710,#718)
  );
#676 = ORIENTED_EDGE('',*,*,#677,.F.);
#677 = EDGE_CURVE('',#648,#678,#680,.T.);
#678 = VERTEX_POINT('',#679);
#679 = CARTESIAN_POINT('',(32.5,-57.5,11.5));
#680 = LINE('',#681,#682);
#681 = CARTESIAN_POINT('',(22.5,-57.5,11.5));
#682 = VECTOR('',#683,1.);
#683 = DIRECTION('',(1.,0.,0.));
#684 = ORIENTED_EDGE('',*,*,#647,.T.);
#685 = ORIENTED_EDGE('',*,*,#556,.T.);
#686 = ORIENTED_EDGE('',*,*,#687,.F.);
#687 = EDGE_CURVE('',#688,#557,#690,.T.);
#688 = VERTEX_POINT('',#689);
#689 = CARTESIAN_POINT('',(57.5,-57.5,11.5));
#690 = LINE('',#691,#692);
#691 = CARTESIAN_POINT('',(57.5,-57.5,5.));
#692 = VECTOR('',#693,1.);
#693 = DIRECTION('',(0.,0.,1.));
#694 = ORIENTED_EDGE('',*,*,#695,.F.);
#695 = EDGE_CURVE('',#696,#688,#698,.T.);
#696 = VERTEX_POINT('',#697);
#697 = CARTESIAN_POINT('',(47.5,-57.5,11.5));
#698 = LINE('',#699,#700);
#699 = CARTESIAN_POINT('',(47.5,-57.5,11.5));
#700 = VECTOR('',#701,1.);
#701 = DIRECTION('',(1.,0.,0.));
#702 = ORIENTED_EDGE('',*,*,#703,.F.);
#703 = EDGE_CURVE('',#598,#696,#704,.T.);
#704 = LINE('',#705,#706);
#705 = CARTESIAN_POINT('',(47.5,-57.5,5.));
#706 = VECTOR('',#707,1.);
#707 = DIRECTION('',(0.,0.,1.));
#708 = ORIENTED_EDGE('',*,*,#597,.F.);
#709 = ORIENTED_EDGE('',*,*,#615,.F.);
#710 = ORIENTED_EDGE('',*,*,#711,.F.);
#711 = EDGE_CURVE('',#712,#607,#714,.T.);
#712 = VERTEX_POINT('',#713);
#713 = CARTESIAN_POINT('',(32.5,-57.5,5.));
#714 = LINE('',#715,#716);
#715 = CARTESIAN_POINT('',(22.5,-57.5,5.));
#716 = VECTOR('',#717,1.);
#717 = DIRECTION('',(1.,0.,0.));
#718 = ORIENTED_EDGE('',*,*,#719,.T.);
#719 = EDGE_CURVE('',#712,#678,#720,.T.);
#720 = LINE('',#721,#722);
#721 = CARTESIAN_POINT('',(32.5,-57.5,5.));
#722 = VECTOR('',#723,1.);
#723 = DIRECTION('',(0.,0.,1.));
#724 = PLANE('',#725);
#725 = AXIS2_PLACEMENT_3D('',#726,#727,#728);
#726 = CARTESIAN_POINT('',(22.5,-57.5,5.));
#727 = DIRECTION('',(0.,1.,0.));
#728 = DIRECTION('',(1.,0.,0.));
#729 = ADVANCED_FACE('',(#730),#764,.T.);
#730 = FACE_BOUND('',#731,.T.);
#731 = EDGE_LOOP('',(#732,#740,#741,#742,#750,#758));
#732 = ORIENTED_EDGE('',*,*,#733,.F.);
#733 = EDGE_CURVE('',#688,#734,#736,.T.);
#734 = VERTEX_POINT('',#735);
#735 = CARTESIAN_POINT('',(57.5,-30.5,11.5));
#736 = LINE('',#737,#738);
#737 = CARTESIAN_POINT('',(57.5,-57.5,11.5));
#738 = VECTOR('',#739,1.);
#739 = DIRECTION('',(0.,1.,0.));
#740 = ORIENTED_EDGE('',*,*,#687,.T.);
#741 = ORIENTED_EDGE('',*,*,#564,.T.);
#742 = ORIENTED_EDGE('',*,*,#743,.F.);
#743 = EDGE_CURVE('',#744,#565,#746,.T.);
#744 = VERTEX_POINT('',#745);
#745 = CARTESIAN_POINT('',(57.5,-22.5,15.));
#746 = LINE('',#747,#748);
#747 = CARTESIAN_POINT('',(57.5,-22.5,5.));
#748 = VECTOR('',#749,1.);
#749 = DIRECTION('',(0.,0.,1.));
#750 = ORIENTED_EDGE('',*,*,#751,.F.);
#751 = EDGE_CURVE('',#752,#744,#754,.T.);
#752 = VERTEX_POINT('',#753);
#753 = CARTESIAN_POINT('',(57.5,-30.5,15.));
#754 = LINE('',#755,#756);
#755 = CARTESIAN_POINT('',(57.5,-30.5,15.));
#756 = VECTOR('',#757,1.);
#757 = DIRECTION('',(0.,1.,0.));
#758 = ORIENTED_EDGE('',*,*,#759,.F.);
#759 = EDGE_CURVE('',#734,#752,#760,.T.);
#760 = LINE('',#761,#762);
#761 = CARTESIAN_POINT('',(57.5,-30.5,11.5));
#762 = VECTOR('',#763,1.);
#763 = DIRECTION('',(0.,0.,1.));
#764 = PLANE('',#765);
#765 = AXIS2_PLACEMENT_3D('',#766,#767,#768);
#766 = CARTESIAN_POINT('',(57.5,-57.5,5.));
#767 = DIRECTION('',(-1.,0.,0.));
#768 = DIRECTION('',(0.,1.,0.));
#769 = ADVANCED_FACE('',(#770),#781,.T.);
#770 = FACE_BOUND('',#771,.T.);
#771 = EDGE_LOOP('',(#772,#778,#779,#780));
#772 = ORIENTED_EDGE('',*,*,#773,.F.);
#773 = EDGE_CURVE('',#744,#631,#774,.T.);
#774 = LINE('',#775,#776);
#775 = CARTESIAN_POINT('',(57.5,-22.5,15.));
#776 = VECTOR('',#777,1.);
#777 = DIRECTION('',(-1.,0.,0.));
#778 = ORIENTED_EDGE('',*,*,#743,.T.);
#779 = ORIENTED_EDGE('',*,*,#572,.T.);
#780 = ORIENTED_EDGE('',*,*,#640,.F.);
#781 = PLANE('',#782);
#782 = AXIS2_PLACEMENT_3D('',#783,#784,#785);
#783 = CARTESIAN_POINT('',(57.5,-22.5,5.));
#784 = DIRECTION('',(0.,-1.,0.));
#785 = DIRECTION('',(-1.,0.,0.));
#786 = ADVANCED_FACE('',(#787),#804,.T.);
#787 = FACE_BOUND('',#788,.T.);
#788 = EDGE_LOOP('',(#789,#797,#798));
#789 = ORIENTED_EDGE('',*,*,#790,.F.);
#790 = EDGE_CURVE('',#607,#791,#793,.T.);
#791 = VERTEX_POINT('',#792);
#792 = CARTESIAN_POINT('',(47.5,-57.5,5.));
#793 = LINE('',#794,#795);
#794 = CARTESIAN_POINT('',(22.5,-57.5,5.));
#795 = VECTOR('',#796,1.);
#796 = DIRECTION('',(1.,0.,0.));
#797 = ORIENTED_EDGE('',*,*,#606,.F.);
#798 = ORIENTED_EDGE('',*,*,#799,.F.);
#799 = EDGE_CURVE('',#791,#598,#800,.T.);
#800 = LINE('',#801,#802);
#801 = CARTESIAN_POINT('',(47.5,-57.5,5.));
#802 = VECTOR('',#803,1.);
#803 = DIRECTION('',(0.,0.,1.));
#804 = PLANE('',#805);
#805 = AXIS2_PLACEMENT_3D('',#806,#807,#808);
#806 = CARTESIAN_POINT('',(22.5,-57.5,5.));
#807 = DIRECTION('',(0.,1.,0.));
#808 = DIRECTION('',(1.,0.,0.));
#809 = ADVANCED_FACE('',(#810),#873,.T.);
#810 = FACE_BOUND('',#811,.T.);
#811 = EDGE_LOOP('',(#812,#813,#814,#822,#831,#840,#848,#857,#866,#872)
  );
#812 = ORIENTED_EDGE('',*,*,#773,.T.);
#813 = ORIENTED_EDGE('',*,*,#630,.T.);
#814 = ORIENTED_EDGE('',*,*,#815,.T.);
#815 = EDGE_CURVE('',#633,#816,#818,.T.);
#816 = VERTEX_POINT('',#817);
#817 = CARTESIAN_POINT('',(26.864110105646,-30.5,15.));
#818 = LINE('',#819,#820);
#819 = CARTESIAN_POINT('',(22.5,-30.5,15.));
#820 = VECTOR('',#821,1.);
#821 = DIRECTION('',(1.,0.,0.));
#822 = ORIENTED_EDGE('',*,*,#823,.T.);
#823 = EDGE_CURVE('',#816,#824,#826,.T.);
#824 = VERTEX_POINT('',#825);
#825 = CARTESIAN_POINT('',(28.3,-29.6,15.));
#826 = CIRCLE('',#827,1.);
#827 = AXIS2_PLACEMENT_3D('',#828,#829,#830);
#828 = CARTESIAN_POINT('',(27.3,-29.6,15.));
#829 = DIRECTION('',(0.,0.,-1.));
#830 = DIRECTION('',(1.,0.,0.));
#831 = ORIENTED_EDGE('',*,*,#832,.T.);
#832 = EDGE_CURVE('',#824,#833,#835,.T.);
#833 = VERTEX_POINT('',#834);
#834 = CARTESIAN_POINT('',(27.735889894354,-30.5,15.));
#835 = CIRCLE('',#836,1.);
#836 = AXIS2_PLACEMENT_3D('',#837,#838,#839);
#837 = CARTESIAN_POINT('',(27.3,-29.6,15.));
#838 = DIRECTION('',(0.,0.,-1.));
#839 = DIRECTION('',(1.,0.,0.));
#840 = ORIENTED_EDGE('',*,*,#841,.T.);
#841 = EDGE_CURVE('',#833,#842,#844,.T.);
#842 = VERTEX_POINT('',#843);
#843 = CARTESIAN_POINT('',(52.264110105646,-30.5,15.));
#844 = LINE('',#845,#846);
#845 = CARTESIAN_POINT('',(22.5,-30.5,15.));
#846 = VECTOR('',#847,1.);
#847 = DIRECTION('',(1.,0.,0.));
#848 = ORIENTED_EDGE('',*,*,#849,.T.);
#849 = EDGE_CURVE('',#842,#850,#852,.T.);
#850 = VERTEX_POINT('',#851);
#851 = CARTESIAN_POINT('',(53.7,-29.6,15.));
#852 = CIRCLE('',#853,1.);
#853 = AXIS2_PLACEMENT_3D('',#854,#855,#856);
#854 = CARTESIAN_POINT('',(52.7,-29.6,15.));
#855 = DIRECTION('',(0.,0.,-1.));
#856 = DIRECTION('',(1.,0.,0.));
#857 = ORIENTED_EDGE('',*,*,#858,.T.);
#858 = EDGE_CURVE('',#850,#859,#861,.T.);
#859 = VERTEX_POINT('',#860);
#860 = CARTESIAN_POINT('',(53.135889894354,-30.5,15.));
#861 = CIRCLE('',#862,1.);
#862 = AXIS2_PLACEMENT_3D('',#863,#864,#865);
#863 = CARTESIAN_POINT('',(52.7,-29.6,15.));
#864 = DIRECTION('',(0.,0.,-1.));
#865 = DIRECTION('',(1.,0.,0.));
#866 = ORIENTED_EDGE('',*,*,#867,.T.);
#867 = EDGE_CURVE('',#859,#752,#868,.T.);
#868 = LINE('',#869,#870);
#869 = CARTESIAN_POINT('',(22.5,-30.5,15.));
#870 = VECTOR('',#871,1.);
#871 = DIRECTION('',(1.,0.,0.));
#872 = ORIENTED_EDGE('',*,*,#751,.T.);
#873 = PLANE('',#874);
#874 = AXIS2_PLACEMENT_3D('',#875,#876,#877);
#875 = CARTESIAN_POINT('',(40.,-26.5,15.));
#876 = DIRECTION('',(0.,0.,1.));
#877 = DIRECTION('',(1.,0.,0.));
#878 = ADVANCED_FACE('',(#879),#897,.T.);
#879 = FACE_BOUND('',#880,.T.);
#880 = EDGE_LOOP('',(#881,#889,#895,#896));
#881 = ORIENTED_EDGE('',*,*,#882,.T.);
#882 = EDGE_CURVE('',#656,#883,#885,.T.);
#883 = VERTEX_POINT('',#884);
#884 = CARTESIAN_POINT('',(26.864110105646,-30.5,11.5));
#885 = LINE('',#886,#887);
#886 = CARTESIAN_POINT('',(22.5,-30.5,11.5));
#887 = VECTOR('',#888,1.);
#888 = DIRECTION('',(1.,0.,0.));
#889 = ORIENTED_EDGE('',*,*,#890,.F.);
#890 = EDGE_CURVE('',#816,#883,#891,.T.);
#891 = LINE('',#892,#893);
#892 = CARTESIAN_POINT('',(26.864110105646,-30.5,5.));
#893 = VECTOR('',#894,1.);
#894 = DIRECTION('',(-0.,-0.,-1.));
#895 = ORIENTED_EDGE('',*,*,#815,.F.);
#896 = ORIENTED_EDGE('',*,*,#663,.F.);
#897 = PLANE('',#898);
#898 = AXIS2_PLACEMENT_3D('',#899,#900,#901);
#899 = CARTESIAN_POINT('',(40.,-30.5,11.444444444444));
#900 = DIRECTION('',(0.,-1.,3.558435786598E-16));
#901 = DIRECTION('',(0.,-3.558435786598E-16,-1.));
#902 = ADVANCED_FACE('',(#903),#931,.T.);
#903 = FACE_BOUND('',#904,.T.);
#904 = EDGE_LOOP('',(#905,#906,#914,#922,#929,#930));
#905 = ORIENTED_EDGE('',*,*,#677,.T.);
#906 = ORIENTED_EDGE('',*,*,#907,.T.);
#907 = EDGE_CURVE('',#678,#908,#910,.T.);
#908 = VERTEX_POINT('',#909);
#909 = CARTESIAN_POINT('',(32.5,-30.5,11.5));
#910 = LINE('',#911,#912);
#911 = CARTESIAN_POINT('',(32.5,-57.5,11.5));
#912 = VECTOR('',#913,1.);
#913 = DIRECTION('',(0.,1.,0.));
#914 = ORIENTED_EDGE('',*,*,#915,.F.);
#915 = EDGE_CURVE('',#916,#908,#918,.T.);
#916 = VERTEX_POINT('',#917);
#917 = CARTESIAN_POINT('',(27.735889894354,-30.5,11.5));
#918 = LINE('',#919,#920);
#919 = CARTESIAN_POINT('',(22.5,-30.5,11.5));
#920 = VECTOR('',#921,1.);
#921 = DIRECTION('',(1.,0.,0.));
#922 = ORIENTED_EDGE('',*,*,#923,.T.);
#923 = EDGE_CURVE('',#916,#883,#924,.T.);
#924 = CIRCLE('',#925,1.);
#925 = AXIS2_PLACEMENT_3D('',#926,#927,#928);
#926 = CARTESIAN_POINT('',(27.3,-29.6,11.5));
#927 = DIRECTION('',(0.,0.,-1.));
#928 = DIRECTION('',(1.,0.,0.));
#929 = ORIENTED_EDGE('',*,*,#882,.F.);
#930 = ORIENTED_EDGE('',*,*,#655,.T.);
#931 = PLANE('',#932);
#932 = AXIS2_PLACEMENT_3D('',#933,#934,#935);
#933 = CARTESIAN_POINT('',(40.,-39.02577319587,11.5));
#934 = DIRECTION('',(0.,0.,1.));
#935 = DIRECTION('',(1.,0.,0.));
#936 = ADVANCED_FACE('',(#937),#955,.F.);
#937 = FACE_BOUND('',#938,.F.);
#938 = EDGE_LOOP('',(#939,#940,#941,#949));
#939 = ORIENTED_EDGE('',*,*,#719,.T.);
#940 = ORIENTED_EDGE('',*,*,#907,.T.);
#941 = ORIENTED_EDGE('',*,*,#942,.F.);
#942 = EDGE_CURVE('',#943,#908,#945,.T.);
#943 = VERTEX_POINT('',#944);
#944 = CARTESIAN_POINT('',(32.5,-30.5,5.));
#945 = LINE('',#946,#947);
#946 = CARTESIAN_POINT('',(32.5,-30.5,5.));
#947 = VECTOR('',#948,1.);
#948 = DIRECTION('',(0.,0.,1.));
#949 = ORIENTED_EDGE('',*,*,#950,.F.);
#950 = EDGE_CURVE('',#712,#943,#951,.T.);
#951 = LINE('',#952,#953);
#952 = CARTESIAN_POINT('',(32.5,-57.5,5.));
#953 = VECTOR('',#954,1.);
#954 = DIRECTION('',(0.,1.,0.));
#955 = PLANE('',#956);
#956 = AXIS2_PLACEMENT_3D('',#957,#958,#959);
#957 = CARTESIAN_POINT('',(32.5,-57.5,5.));
#958 = DIRECTION('',(-1.,0.,0.));
#959 = DIRECTION('',(0.,1.,0.));
#960 = ADVANCED_FACE('',(#961,#980),#991,.T.);
#961 = FACE_BOUND('',#962,.T.);
#962 = EDGE_LOOP('',(#963,#964,#965,#973,#979));
#963 = ORIENTED_EDGE('',*,*,#711,.T.);
#964 = ORIENTED_EDGE('',*,*,#790,.T.);
#965 = ORIENTED_EDGE('',*,*,#966,.T.);
#966 = EDGE_CURVE('',#791,#967,#969,.T.);
#967 = VERTEX_POINT('',#968);
#968 = CARTESIAN_POINT('',(47.5,-30.5,5.));
#969 = LINE('',#970,#971);
#970 = CARTESIAN_POINT('',(47.5,-57.5,5.));
#971 = VECTOR('',#972,1.);
#972 = DIRECTION('',(0.,1.,0.));
#973 = ORIENTED_EDGE('',*,*,#974,.F.);
#974 = EDGE_CURVE('',#943,#967,#975,.T.);
#975 = LINE('',#976,#977);
#976 = CARTESIAN_POINT('',(32.5,-30.5,5.));
#977 = VECTOR('',#978,1.);
#978 = DIRECTION('',(1.,0.,0.));
#979 = ORIENTED_EDGE('',*,*,#950,.F.);
#980 = FACE_BOUND('',#981,.T.);
#981 = EDGE_LOOP('',(#982));
#982 = ORIENTED_EDGE('',*,*,#983,.F.);
#983 = EDGE_CURVE('',#984,#984,#986,.T.);
#984 = VERTEX_POINT('',#985);
#985 = CARTESIAN_POINT('',(41.,-50.6,5.));
#986 = CIRCLE('',#987,1.);
#987 = AXIS2_PLACEMENT_3D('',#988,#989,#990);
#988 = CARTESIAN_POINT('',(40.,-50.6,5.));
#989 = DIRECTION('',(0.,0.,1.));
#990 = DIRECTION('',(1.,0.,0.));
#991 = PLANE('',#992);
#992 = AXIS2_PLACEMENT_3D('',#993,#994,#995);
#993 = CARTESIAN_POINT('',(40.,-40.,5.));
#994 = DIRECTION('',(0.,0.,1.));
#995 = DIRECTION('',(1.,0.,0.));
#996 = ADVANCED_FACE('',(#997),#1016,.T.);
#997 = FACE_BOUND('',#998,.T.);
#998 = EDGE_LOOP('',(#999,#1000,#1001,#1009,#1015));
#999 = ORIENTED_EDGE('',*,*,#799,.T.);
#1000 = ORIENTED_EDGE('',*,*,#703,.T.);
#1001 = ORIENTED_EDGE('',*,*,#1002,.T.);
#1002 = EDGE_CURVE('',#696,#1003,#1005,.T.);
#1003 = VERTEX_POINT('',#1004);
#1004 = CARTESIAN_POINT('',(47.5,-30.5,11.5));
#1005 = LINE('',#1006,#1007);
#1006 = CARTESIAN_POINT('',(47.5,-57.5,11.5));
#1007 = VECTOR('',#1008,1.);
#1008 = DIRECTION('',(0.,1.,0.));
#1009 = ORIENTED_EDGE('',*,*,#1010,.F.);
#1010 = EDGE_CURVE('',#967,#1003,#1011,.T.);
#1011 = LINE('',#1012,#1013);
#1012 = CARTESIAN_POINT('',(47.5,-30.5,5.));
#1013 = VECTOR('',#1014,1.);
#1014 = DIRECTION('',(0.,0.,1.));
#1015 = ORIENTED_EDGE('',*,*,#966,.F.);
#1016 = PLANE('',#1017);
#1017 = AXIS2_PLACEMENT_3D('',#1018,#1019,#1020);
#1018 = CARTESIAN_POINT('',(47.5,-57.5,5.));
#1019 = DIRECTION('',(-1.,0.,0.));
#1020 = DIRECTION('',(0.,1.,0.));
#1021 = ADVANCED_FACE('',(#1022),#1050,.T.);
#1022 = FACE_BOUND('',#1023,.T.);
#1023 = EDGE_LOOP('',(#1024,#1025,#1026,#1027,#1035,#1044));
#1024 = ORIENTED_EDGE('',*,*,#1002,.F.);
#1025 = ORIENTED_EDGE('',*,*,#695,.T.);
#1026 = ORIENTED_EDGE('',*,*,#733,.T.);
#1027 = ORIENTED_EDGE('',*,*,#1028,.F.);
#1028 = EDGE_CURVE('',#1029,#734,#1031,.T.);
#1029 = VERTEX_POINT('',#1030);
#1030 = CARTESIAN_POINT('',(53.135889894354,-30.5,11.5));
#1031 = LINE('',#1032,#1033);
#1032 = CARTESIAN_POINT('',(22.5,-30.5,11.5));
#1033 = VECTOR('',#1034,1.);
#1034 = DIRECTION('',(1.,0.,0.));
#1035 = ORIENTED_EDGE('',*,*,#1036,.T.);
#1036 = EDGE_CURVE('',#1029,#1037,#1039,.T.);
#1037 = VERTEX_POINT('',#1038);
#1038 = CARTESIAN_POINT('',(52.264110105646,-30.5,11.5));
#1039 = CIRCLE('',#1040,1.);
#1040 = AXIS2_PLACEMENT_3D('',#1041,#1042,#1043);
#1041 = CARTESIAN_POINT('',(52.7,-29.6,11.5));
#1042 = DIRECTION('',(0.,0.,-1.));
#1043 = DIRECTION('',(1.,0.,0.));
#1044 = ORIENTED_EDGE('',*,*,#1045,.F.);
#1045 = EDGE_CURVE('',#1003,#1037,#1046,.T.);
#1046 = LINE('',#1047,#1048);
#1047 = CARTESIAN_POINT('',(22.5,-30.5,11.5));
#1048 = VECTOR('',#1049,1.);
#1049 = DIRECTION('',(1.,0.,0.));
#1050 = PLANE('',#1051);
#1051 = AXIS2_PLACEMENT_3D('',#1052,#1053,#1054);
#1052 = CARTESIAN_POINT('',(40.,-39.02577319587,11.5));
#1053 = DIRECTION('',(0.,0.,1.));
#1054 = DIRECTION('',(1.,0.,0.));
#1055 = ADVANCED_FACE('',(#1056),#1067,.T.);
#1056 = FACE_BOUND('',#1057,.T.);
#1057 = EDGE_LOOP('',(#1058,#1064,#1065,#1066));
#1058 = ORIENTED_EDGE('',*,*,#1059,.T.);
#1059 = EDGE_CURVE('',#859,#1029,#1060,.T.);
#1060 = LINE('',#1061,#1062);
#1061 = CARTESIAN_POINT('',(53.135889894354,-30.5,5.));
#1062 = VECTOR('',#1063,1.);
#1063 = DIRECTION('',(-0.,-0.,-1.));
#1064 = ORIENTED_EDGE('',*,*,#1028,.T.);
#1065 = ORIENTED_EDGE('',*,*,#759,.T.);
#1066 = ORIENTED_EDGE('',*,*,#867,.F.);
#1067 = PLANE('',#1068);
#1068 = AXIS2_PLACEMENT_3D('',#1069,#1070,#1071);
#1069 = CARTESIAN_POINT('',(40.,-30.5,11.444444444444));
#1070 = DIRECTION('',(0.,-1.,3.558435786598E-16));
#1071 = DIRECTION('',(0.,-3.558435786598E-16,-1.));
#1072 = ADVANCED_FACE('',(#1073),#1101,.T.);
#1073 = FACE_BOUND('',#1074,.F.);
#1074 = EDGE_LOOP('',(#1075,#1076,#1084,#1091,#1092,#1093,#1094,#1095));
#1075 = ORIENTED_EDGE('',*,*,#849,.T.);
#1076 = ORIENTED_EDGE('',*,*,#1077,.T.);
#1077 = EDGE_CURVE('',#850,#1078,#1080,.T.);
#1078 = VERTEX_POINT('',#1079);
#1079 = CARTESIAN_POINT('',(53.7,-29.6,20.));
#1080 = LINE('',#1081,#1082);
#1081 = CARTESIAN_POINT('',(53.7,-29.6,5.));
#1082 = VECTOR('',#1083,1.);
#1083 = DIRECTION('',(0.,0.,1.));
#1084 = ORIENTED_EDGE('',*,*,#1085,.T.);
#1085 = EDGE_CURVE('',#1078,#1078,#1086,.T.);
#1086 = CIRCLE('',#1087,1.);
#1087 = AXIS2_PLACEMENT_3D('',#1088,#1089,#1090);
#1088 = CARTESIAN_POINT('',(52.7,-29.6,20.));
#1089 = DIRECTION('',(0.,0.,1.));
#1090 = DIRECTION('',(1.,0.,0.));
#1091 = ORIENTED_EDGE('',*,*,#1077,.F.);
#1092 = ORIENTED_EDGE('',*,*,#858,.T.);
#1093 = ORIENTED_EDGE('',*,*,#1059,.T.);
#1094 = ORIENTED_EDGE('',*,*,#1036,.T.);
#1095 = ORIENTED_EDGE('',*,*,#1096,.F.);
#1096 = EDGE_CURVE('',#842,#1037,#1097,.T.);
#1097 = LINE('',#1098,#1099);
#1098 = CARTESIAN_POINT('',(52.264110105646,-30.5,5.));
#1099 = VECTOR('',#1100,1.);
#1100 = DIRECTION('',(-0.,-0.,-1.));
#1101 = CYLINDRICAL_SURFACE('',#1102,1.);
#1102 = AXIS2_PLACEMENT_3D('',#1103,#1104,#1105);
#1103 = CARTESIAN_POINT('',(52.7,-29.6,5.));
#1104 = DIRECTION('',(-0.,-0.,-1.));
#1105 = DIRECTION('',(1.,0.,0.));
#1106 = ADVANCED_FACE('',(#1107),#1122,.T.);
#1107 = FACE_BOUND('',#1108,.T.);
#1108 = EDGE_LOOP('',(#1109,#1110,#1111,#1112,#1113,#1114,#1115,#1121));
#1109 = ORIENTED_EDGE('',*,*,#942,.F.);
#1110 = ORIENTED_EDGE('',*,*,#974,.T.);
#1111 = ORIENTED_EDGE('',*,*,#1010,.T.);
#1112 = ORIENTED_EDGE('',*,*,#1045,.T.);
#1113 = ORIENTED_EDGE('',*,*,#1096,.F.);
#1114 = ORIENTED_EDGE('',*,*,#841,.F.);
#1115 = ORIENTED_EDGE('',*,*,#1116,.T.);
#1116 = EDGE_CURVE('',#833,#916,#1117,.T.);
#1117 = LINE('',#1118,#1119);
#1118 = CARTESIAN_POINT('',(27.735889894354,-30.5,5.));
#1119 = VECTOR('',#1120,1.);
#1120 = DIRECTION('',(-0.,-0.,-1.));
#1121 = ORIENTED_EDGE('',*,*,#915,.T.);
#1122 = PLANE('',#1123);
#1123 = AXIS2_PLACEMENT_3D('',#1124,#1125,#1126);
#1124 = CARTESIAN_POINT('',(40.,-30.5,11.444444444444));
#1125 = DIRECTION('',(0.,-1.,3.558435786598E-16));
#1126 = DIRECTION('',(0.,-3.558435786598E-16,-1.));
#1127 = ADVANCED_FACE('',(#1128),#1151,.T.);
#1128 = FACE_BOUND('',#1129,.F.);
#1129 = EDGE_LOOP('',(#1130,#1131,#1139,#1146,#1147,#1148,#1149,#1150));
#1130 = ORIENTED_EDGE('',*,*,#823,.T.);
#1131 = ORIENTED_EDGE('',*,*,#1132,.T.);
#1132 = EDGE_CURVE('',#824,#1133,#1135,.T.);
#1133 = VERTEX_POINT('',#1134);
#1134 = CARTESIAN_POINT('',(28.3,-29.6,20.));
#1135 = LINE('',#1136,#1137);
#1136 = CARTESIAN_POINT('',(28.3,-29.6,5.));
#1137 = VECTOR('',#1138,1.);
#1138 = DIRECTION('',(0.,0.,1.));
#1139 = ORIENTED_EDGE('',*,*,#1140,.T.);
#1140 = EDGE_CURVE('',#1133,#1133,#1141,.T.);
#1141 = CIRCLE('',#1142,1.);
#1142 = AXIS2_PLACEMENT_3D('',#1143,#1144,#1145);
#1143 = CARTESIAN_POINT('',(27.3,-29.6,20.));
#1144 = DIRECTION('',(0.,0.,1.));
#1145 = DIRECTION('',(1.,0.,0.));
#1146 = ORIENTED_EDGE('',*,*,#1132,.F.);
#1147 = ORIENTED_EDGE('',*,*,#832,.T.);
#1148 = ORIENTED_EDGE('',*,*,#1116,.T.);
#1149 = ORIENTED_EDGE('',*,*,#923,.T.);
#1150 = ORIENTED_EDGE('',*,*,#890,.F.);
#1151 = CYLINDRICAL_SURFACE('',#1152,1.);
#1152 = AXIS2_PLACEMENT_3D('',#1153,#1154,#1155);
#1153 = CARTESIAN_POINT('',(27.3,-29.6,5.));
#1154 = DIRECTION('',(-0.,-0.,-1.));
#1155 = DIRECTION('',(1.,0.,0.));
#1156 = ADVANCED_FACE('',(#1157),#1176,.T.);
#1157 = FACE_BOUND('',#1158,.F.);
#1158 = EDGE_LOOP('',(#1159,#1167,#1174,#1175));
#1159 = ORIENTED_EDGE('',*,*,#1160,.T.);
#1160 = EDGE_CURVE('',#984,#1161,#1163,.T.);
#1161 = VERTEX_POINT('',#1162);
#1162 = CARTESIAN_POINT('',(41.,-50.6,20.));
#1163 = LINE('',#1164,#1165);
#1164 = CARTESIAN_POINT('',(41.,-50.6,5.));
#1165 = VECTOR('',#1166,1.);
#1166 = DIRECTION('',(0.,0.,1.));
#1167 = ORIENTED_EDGE('',*,*,#1168,.T.);
#1168 = EDGE_CURVE('',#1161,#1161,#1169,.T.);
#1169 = CIRCLE('',#1170,1.);
#1170 = AXIS2_PLACEMENT_3D('',#1171,#1172,#1173);
#1171 = CARTESIAN_POINT('',(40.,-50.6,20.));
#1172 = DIRECTION('',(0.,0.,1.));
#1173 = DIRECTION('',(1.,0.,0.));
#1174 = ORIENTED_EDGE('',*,*,#1160,.F.);
#1175 = ORIENTED_EDGE('',*,*,#983,.F.);
#1176 = CYLINDRICAL_SURFACE('',#1177,1.);
#1177 = AXIS2_PLACEMENT_3D('',#1178,#1179,#1180);
#1178 = CARTESIAN_POINT('',(40.,-50.6,5.));
#1179 = DIRECTION('',(-0.,-0.,-1.));
#1180 = DIRECTION('',(1.,0.,0.));
#1181 = ADVANCED_FACE('',(#1182),#1185,.T.);
#1182 = FACE_BOUND('',#1183,.T.);
#1183 = EDGE_LOOP('',(#1184));
#1184 = ORIENTED_EDGE('',*,*,#1085,.T.);
#1185 = PLANE('',#1186);
#1186 = AXIS2_PLACEMENT_3D('',#1187,#1188,#1189);
#1187 = CARTESIAN_POINT('',(40.,-36.6,20.));
#1188 = DIRECTION('',(0.,0.,1.));
#1189 = DIRECTION('',(1.,0.,0.));
#1190 = ADVANCED_FACE('',(#1191),#1194,.T.);
#1191 = FACE_BOUND('',#1192,.T.);
#1192 = EDGE_LOOP('',(#1193));
#1193 = ORIENTED_EDGE('',*,*,#1140,.T.);
#1194 = PLANE('',#1195);
#1195 = AXIS2_PLACEMENT_3D('',#1196,#1197,#1198);
#1196 = CARTESIAN_POINT('',(40.,-36.6,20.));
#1197 = DIRECTION('',(0.,0.,1.));
#1198 = DIRECTION('',(1.,0.,0.));
#1199 = ADVANCED_FACE('',(#1200),#1203,.T.);
#1200 = FACE_BOUND('',#1201,.T.);
#1201 = EDGE_LOOP('',(#1202));
#1202 = ORIENTED_EDGE('',*,*,#1168,.T.);
#1203 = PLANE('',#1204);
#1204 = AXIS2_PLACEMENT_3D('',#1205,#1206,#1207);
#1205 = CARTESIAN_POINT('',(40.,-36.6,20.));
#1206 = DIRECTION('',(0.,0.,1.));
#1207 = DIRECTION('',(1.,0.,0.));
#1208 = ( GEOMETRIC_REPRESENTATION_CONTEXT(3) 
GLOBAL_UNCERTAINTY_ASSIGNED_CONTEXT((#1212)) 
GLOBAL_UNIT_ASSIGNED_CONTEXT((#1209,#1210,#1211)) REPRESENTATION_CONTEXT
('Context #1','3D Context with UNIT and UNCERTAINTY') );
#1209 = ( LENGTH_UNIT() NAMED_UNIT(*) SI_UNIT(.MILLI.,.METRE.) );
#1210 = ( NAMED_UNIT(*) PLANE_ANGLE_UNIT() SI_UNIT($,.RADIAN.) );
#1211 = ( NAMED_UNIT(*) SI_UNIT($,.STERADIAN.) SOLID_ANGLE_UNIT() );
#1212 = UNCERTAINTY_MEASURE_WITH_UNIT(LENGTH_MEASURE(1.E-07),#1209,
  'distance_accuracy_value','confusion accuracy');
#1213 = CONTEXT_DEPENDENT_SHAPE_REPRESENTATION(#1214,#1216);
#1214 = ( REPRESENTATION_RELATIONSHIP('','',#72,#10) 
REPRESENTATION_RELATIONSHIP_WITH_TRANSFORMATION(#1215) 
SHAPE_REPRESENTATION_RELATIONSHIP() );
#1215 = ITEM_DEFINED_TRANSFORMATION('','',#11,#15);
#1216 = PRODUCT_DEFINITION_SHAPE('Placement','Placement of an item',
  #1217);
#1217 = NEXT_ASSEMBLY_USAGE_OCCURRENCE('8','=>[0:1:1:1]','',#5,#67,$);
#1218 = PRODUCT_RELATED_PRODUCT_CATEGORY('part',$,(#69));
#1219 = SHAPE_DEFINITION_REPRESENTATION(#1220,#1226);
#1220 = PRODUCT_DEFINITION_SHAPE('','',#1221);
#1221 = PRODUCT_DEFINITION('design','',#1222,#1225);
#1222 = PRODUCT_DEFINITION_FORMATION('','',#1223);
#1223 = PRODUCT('+x','+x','',(#1224));
#1224 = PRODUCT_CONTEXT('',#2,'mechanical');
#1225 = PRODUCT_DEFINITION_CONTEXT('part definition',#2,'design');
#1226 = SHAPE_REPRESENTATION('',(#11,#1227,#1333),#1471);
#1227 = SHELL_BASED_SURFACE_MODEL('',(#1228));
#1228 = OPEN_SHELL('',(#1229));
#1229 = ADVANCED_FACE('',(#1230),#1328,.T.);
#1230 = FACE_BOUND('',#1231,.T.);
#1231 = EDGE_LOOP('',(#1232,#1242,#1250,#1258,#1266,#1274,#1282,#1290,
    #1298,#1306,#1314,#1322));
#1232 = ORIENTED_EDGE('',*,*,#1233,.F.);
#1233 = EDGE_CURVE('',#1234,#1236,#1238,.T.);
#1234 = VERTEX_POINT('',#1235);
#1235 = CARTESIAN_POINT('',(2.71847747093,1.627906976744,0.));
#1236 = VERTEX_POINT('',#1237);
#1237 = CARTESIAN_POINT('',(2.71847747093,4.360465116279,0.));
#1238 = LINE('',#1239,#1240);
#1239 = CARTESIAN_POINT('',(2.71847747093,1.627906976744,0.));
#1240 = VECTOR('',#1241,1.);
#1241 = DIRECTION('',(0.,1.,0.));
#1242 = ORIENTED_EDGE('',*,*,#1243,.F.);
#1243 = EDGE_CURVE('',#1244,#1234,#1246,.T.);
#1244 = VERTEX_POINT('',#1245);
#1245 = CARTESIAN_POINT('',(3.876726017442,1.627906976744,0.));
#1246 = LINE('',#1247,#1248);
#1247 = CARTESIAN_POINT('',(3.876726017442,1.627906976744,0.));
#1248 = VECTOR('',#1249,1.);
#1249 = DIRECTION('',(-1.,0.,0.));
#1250 = ORIENTED_EDGE('',*,*,#1251,.F.);
#1251 = EDGE_CURVE('',#1252,#1244,#1254,.T.);
#1252 = VERTEX_POINT('',#1253);
#1253 = CARTESIAN_POINT('',(3.876726017442,4.360465116279,0.));
#1254 = LINE('',#1255,#1256);
#1255 = CARTESIAN_POINT('',(3.876726017442,4.360465116279,0.));
#1256 = VECTOR('',#1257,1.);
#1257 = DIRECTION('',(0.,-1.,-0.));
#1258 = ORIENTED_EDGE('',*,*,#1259,.F.);
#1259 = EDGE_CURVE('',#1260,#1252,#1262,.T.);
#1260 = VERTEX_POINT('',#1261);
#1261 = CARTESIAN_POINT('',(6.595203488372,4.360465116279,0.));
#1262 = LINE('',#1263,#1264);
#1263 = CARTESIAN_POINT('',(6.595203488372,4.360465116279,0.));
#1264 = VECTOR('',#1265,1.);
#1265 = DIRECTION('',(-1.,0.,0.));
#1266 = ORIENTED_EDGE('',*,*,#1267,.F.);
#1267 = EDGE_CURVE('',#1268,#1260,#1270,.T.);
#1268 = VERTEX_POINT('',#1269);
#1269 = CARTESIAN_POINT('',(6.595203488372,5.494186046512,0.));
#1270 = LINE('',#1271,#1272);
#1271 = CARTESIAN_POINT('',(6.595203488372,5.494186046512,0.));
#1272 = VECTOR('',#1273,1.);
#1273 = DIRECTION('',(0.,-1.,-0.));
#1274 = ORIENTED_EDGE('',*,*,#1275,.F.);
#1275 = EDGE_CURVE('',#1276,#1268,#1278,.T.);
#1276 = VERTEX_POINT('',#1277);
#1277 = CARTESIAN_POINT('',(3.876726017442,5.494186046512,0.));
#1278 = LINE('',#1279,#1280);
#1279 = CARTESIAN_POINT('',(3.876726017442,5.494186046512,0.));
#1280 = VECTOR('',#1281,1.);
#1281 = DIRECTION('',(1.,0.,0.));
#1282 = ORIENTED_EDGE('',*,*,#1283,.F.);
#1283 = EDGE_CURVE('',#1284,#1276,#1286,.T.);
#1284 = VERTEX_POINT('',#1285);
#1285 = CARTESIAN_POINT('',(3.876726017442,8.226744186047,0.));
#1286 = LINE('',#1287,#1288);
#1287 = CARTESIAN_POINT('',(3.876726017442,8.226744186047,0.));
#1288 = VECTOR('',#1289,1.);
#1289 = DIRECTION('',(0.,-1.,-0.));
#1290 = ORIENTED_EDGE('',*,*,#1291,.F.);
#1291 = EDGE_CURVE('',#1292,#1284,#1294,.T.);
#1292 = VERTEX_POINT('',#1293);
#1293 = CARTESIAN_POINT('',(2.71847747093,8.226744186047,0.));
#1294 = LINE('',#1295,#1296);
#1295 = CARTESIAN_POINT('',(2.71847747093,8.226744186047,0.));
#1296 = VECTOR('',#1297,1.);
#1297 = DIRECTION('',(1.,0.,0.));
#1298 = ORIENTED_EDGE('',*,*,#1299,.F.);
#1299 = EDGE_CURVE('',#1300,#1292,#1302,.T.);
#1300 = VERTEX_POINT('',#1301);
#1301 = CARTESIAN_POINT('',(2.71847747093,5.494186046512,0.));
#1302 = LINE('',#1303,#1304);
#1303 = CARTESIAN_POINT('',(2.71847747093,5.494186046512,0.));
#1304 = VECTOR('',#1305,1.);
#1305 = DIRECTION('',(0.,1.,0.));
#1306 = ORIENTED_EDGE('',*,*,#1307,.F.);
#1307 = EDGE_CURVE('',#1308,#1300,#1310,.T.);
#1308 = VERTEX_POINT('',#1309);
#1309 = CARTESIAN_POINT('',(3.330669073875E-16,5.494186046512,0.));
#1310 = LINE('',#1311,#1312);
#1311 = CARTESIAN_POINT('',(3.330669073875E-16,5.494186046512,0.));
#1312 = VECTOR('',#1313,1.);
#1313 = DIRECTION('',(1.,0.,0.));
#1314 = ORIENTED_EDGE('',*,*,#1315,.F.);
#1315 = EDGE_CURVE('',#1316,#1308,#1318,.T.);
#1316 = VERTEX_POINT('',#1317);
#1317 = CARTESIAN_POINT('',(3.330669073875E-16,4.360465116279,0.));
#1318 = LINE('',#1319,#1320);
#1319 = CARTESIAN_POINT('',(3.330669073875E-16,4.360465116279,0.));
#1320 = VECTOR('',#1321,1.);
#1321 = DIRECTION('',(0.,1.,0.));
#1322 = ORIENTED_EDGE('',*,*,#1323,.F.);
#1323 = EDGE_CURVE('',#1236,#1316,#1324,.T.);
#1324 = LINE('',#1325,#1326);
#1325 = CARTESIAN_POINT('',(2.71847747093,4.360465116279,0.));
#1326 = VECTOR('',#1327,1.);
#1327 = DIRECTION('',(-1.,0.,0.));
#1328 = PLANE('',#1329);
#1329 = AXIS2_PLACEMENT_3D('',#1330,#1331,#1332);
#1330 = CARTESIAN_POINT('',(3.297601744186,4.927325581395,0.));
#1331 = DIRECTION('',(0.,0.,1.));
#1332 = DIRECTION('',(1.,0.,-0.));
#1333 = SHELL_BASED_SURFACE_MODEL('',(#1334));
#1334 = OPEN_SHELL('',(#1335));
#1335 = ADVANCED_FACE('',(#1336),#1466,.T.);
#1336 = FACE_BOUND('',#1337,.T.);
#1337 = EDGE_LOOP('',(#1338,#1348,#1356,#1364,#1372,#1380,#1388,#1396,
    #1404,#1412,#1420,#1428,#1436,#1444,#1452,#1460));
#1338 = ORIENTED_EDGE('',*,*,#1339,.F.);
#1339 = EDGE_CURVE('',#1340,#1342,#1344,.T.);
#1340 = VERTEX_POINT('',#1341);
#1341 = CARTESIAN_POINT('',(7.424146075581,0.,0.));
#1342 = VERTEX_POINT('',#1343);
#1343 = CARTESIAN_POINT('',(11.284066133721,5.18304869186,0.));
#1344 = LINE('',#1345,#1346);
#1345 = CARTESIAN_POINT('',(7.424146075581,0.,0.));
#1346 = VECTOR('',#1347,1.);
#1347 = DIRECTION('',(0.597286347267,0.802028066447,0.));
#1348 = ORIENTED_EDGE('',*,*,#1349,.F.);
#1349 = EDGE_CURVE('',#1350,#1340,#1352,.T.);
#1350 = VERTEX_POINT('',#1351);
#1351 = CARTESIAN_POINT('',(9.011627906977,0.,0.));
#1352 = LINE('',#1353,#1354);
#1353 = CARTESIAN_POINT('',(9.011627906977,0.,0.));
#1354 = VECTOR('',#1355,1.);
#1355 = DIRECTION('',(-1.,0.,0.));
#1356 = ORIENTED_EDGE('',*,*,#1357,.F.);
#1357 = EDGE_CURVE('',#1358,#1350,#1360,.T.);
#1358 = VERTEX_POINT('',#1359);
#1359 = CARTESIAN_POINT('',(11.518895348837,3.465661337209,0.));
#1360 = LINE('',#1361,#1362);
#1361 = CARTESIAN_POINT('',(11.518895348837,3.465661337209,0.));
#1362 = VECTOR('',#1363,1.);
#1363 = DIRECTION('',(-0.586149448931,-0.810202952055,0.));
#1364 = ORIENTED_EDGE('',*,*,#1365,.F.);
#1365 = EDGE_CURVE('',#1366,#1358,#1368,.T.);
#1366 = VERTEX_POINT('',#1367);
#1367 = CARTESIAN_POINT('',(11.99582122093,4.181050145349,0.));
#1368 = B_SPLINE_CURVE_WITH_KNOTS('',2,(#1369,#1370,#1371),
  .UNSPECIFIED.,.F.,.F.,(3,3),(0.,1.),.PIECEWISE_BEZIER_KNOTS.);
#1369 = CARTESIAN_POINT('',(11.99582122093,4.181050145349,0.));
#1370 = CARTESIAN_POINT('',(11.661973110465,3.667332848837,0.));
#1371 = CARTESIAN_POINT('',(11.518895348837,3.465661337209,0.));
#1372 = ORIENTED_EDGE('',*,*,#1373,.F.);
#1373 = EDGE_CURVE('',#1374,#1366,#1376,.T.);
#1374 = VERTEX_POINT('',#1375);
#1375 = CARTESIAN_POINT('',(12.431867732558,3.56195494186,0.));
#1376 = B_SPLINE_CURVE_WITH_KNOTS('',2,(#1377,#1378,#1379),
  .UNSPECIFIED.,.F.,.F.,(3,3),(0.,1.),.PIECEWISE_BEZIER_KNOTS.);
#1377 = CARTESIAN_POINT('',(12.431867732558,3.56195494186,0.));
#1378 = CARTESIAN_POINT('',(12.220657703488,3.865824854651,0.));
#1379 = CARTESIAN_POINT('',(11.99582122093,4.181050145349,0.));
#1380 = ORIENTED_EDGE('',*,*,#1381,.F.);
#1381 = EDGE_CURVE('',#1382,#1374,#1384,.T.);
#1382 = VERTEX_POINT('',#1383);
#1383 = CARTESIAN_POINT('',(14.945948401163,0.,0.));
#1384 = LINE('',#1385,#1386);
#1385 = CARTESIAN_POINT('',(14.945948401163,0.,0.));
#1386 = VECTOR('',#1387,1.);
#1387 = DIRECTION('',(-0.576646384499,0.81699384774,0.));
#1388 = ORIENTED_EDGE('',*,*,#1389,.F.);
#1389 = EDGE_CURVE('',#1390,#1382,#1392,.T.);
#1390 = VERTEX_POINT('',#1391);
#1391 = CARTESIAN_POINT('',(16.581122819767,0.,0.));
#1392 = LINE('',#1393,#1394);
#1393 = CARTESIAN_POINT('',(16.581122819767,0.,0.));
#1394 = VECTOR('',#1395,1.);
#1395 = DIRECTION('',(-1.,0.,0.));
#1396 = ORIENTED_EDGE('',*,*,#1397,.F.);
#1397 = EDGE_CURVE('',#1398,#1390,#1400,.T.);
#1398 = VERTEX_POINT('',#1399);
#1399 = CARTESIAN_POINT('',(12.841115552326,5.248001453488,0.));
#1400 = LINE('',#1401,#1402);
#1401 = CARTESIAN_POINT('',(12.841115552326,5.248001453488,0.));
#1402 = VECTOR('',#1403,1.);
#1403 = DIRECTION('',(0.580357767615,-0.814361628252,0.));
#1404 = ORIENTED_EDGE('',*,*,#1405,.F.);
#1405 = EDGE_CURVE('',#1406,#1398,#1408,.T.);
#1406 = VERTEX_POINT('',#1407);
#1407 = CARTESIAN_POINT('',(16.30859375,10.,0.));
#1408 = LINE('',#1409,#1410);
#1409 = CARTESIAN_POINT('',(16.30859375,10.,0.));
#1410 = VECTOR('',#1411,1.);
#1411 = DIRECTION('',(-0.589447282263,-0.807806846612,0.));
#1412 = ORIENTED_EDGE('',*,*,#1413,.F.);
#1413 = EDGE_CURVE('',#1414,#1406,#1416,.T.);
#1414 = VERTEX_POINT('',#1415);
#1415 = CARTESIAN_POINT('',(14.871002906977,10.,0.));
#1416 = LINE('',#1417,#1418);
#1417 = CARTESIAN_POINT('',(14.871002906977,10.,0.));
#1418 = VECTOR('',#1419,1.);
#1419 = DIRECTION('',(1.,0.,0.));
#1420 = ORIENTED_EDGE('',*,*,#1421,.F.);
#1421 = EDGE_CURVE('',#1422,#1414,#1424,.T.);
#1422 = VERTEX_POINT('',#1423);
#1423 = CARTESIAN_POINT('',(12.861101017442,7.324672965116,0.));
#1424 = LINE('',#1425,#1426);
#1425 = CARTESIAN_POINT('',(12.861101017442,7.324672965116,0.));
#1426 = VECTOR('',#1427,1.);
#1427 = DIRECTION('',(0.600651355017,0.799511069164,0.));
#1428 = ORIENTED_EDGE('',*,*,#1429,.F.);
#1429 = EDGE_CURVE('',#1430,#1422,#1432,.T.);
#1430 = VERTEX_POINT('',#1431);
#1431 = CARTESIAN_POINT('',(12.070766715116,6.223655523256,0.));
#1432 = B_SPLINE_CURVE_WITH_KNOTS('',2,(#1433,#1434,#1435),
  .UNSPECIFIED.,.F.,.F.,(3,3),(0.,1.),.PIECEWISE_BEZIER_KNOTS.);
#1433 = CARTESIAN_POINT('',(12.070766715116,6.223655523256,0.));
#1434 = CARTESIAN_POINT('',(12.404614825581,6.724654796512,0.));
#1435 = CARTESIAN_POINT('',(12.861101017442,7.324672965116,0.));
#1436 = ORIENTED_EDGE('',*,*,#1437,.F.);
#1437 = EDGE_CURVE('',#1438,#1430,#1440,.T.);
#1438 = VERTEX_POINT('',#1439);
#1439 = CARTESIAN_POINT('',(11.266805959302,7.436864098837,0.));
#1440 = B_SPLINE_CURVE_WITH_KNOTS('',2,(#1441,#1442,#1443),
  .UNSPECIFIED.,.F.,.F.,(3,3),(0.,1.),.PIECEWISE_BEZIER_KNOTS.);
#1441 = CARTESIAN_POINT('',(11.266805959302,7.436864098837,0.));
#1442 = CARTESIAN_POINT('',(11.83230377907,6.641079215116,0.));
#1443 = CARTESIAN_POINT('',(12.070766715116,6.223655523256,0.));
#1444 = ORIENTED_EDGE('',*,*,#1445,.F.);
#1445 = EDGE_CURVE('',#1446,#1438,#1448,.T.);
#1446 = VERTEX_POINT('',#1447);
#1447 = CARTESIAN_POINT('',(9.454487645349,10.,0.));
#1448 = LINE('',#1449,#1450);
#1449 = CARTESIAN_POINT('',(9.454487645349,10.,0.));
#1450 = VECTOR('',#1451,1.);
#1451 = DIRECTION('',(0.577330632427,-0.816510465861,0.));
#1452 = ORIENTED_EDGE('',*,*,#1453,.F.);
#1453 = EDGE_CURVE('',#1454,#1446,#1456,.T.);
#1454 = VERTEX_POINT('',#1455);
#1455 = CARTESIAN_POINT('',(7.880632267442,10.,0.));
#1456 = LINE('',#1457,#1458);
#1457 = CARTESIAN_POINT('',(7.880632267442,10.,0.));
#1458 = VECTOR('',#1459,1.);
#1459 = DIRECTION('',(1.,0.,0.));
#1460 = ORIENTED_EDGE('',*,*,#1461,.F.);
#1461 = EDGE_CURVE('',#1342,#1454,#1462,.T.);
#1462 = LINE('',#1463,#1464);
#1463 = CARTESIAN_POINT('',(11.284066133721,5.18304869186,0.));
#1464 = VECTOR('',#1465,1.);
#1465 = DIRECTION('',(-0.577048990018,0.816709534118,0.));
#1466 = PLANE('',#1467);
#1467 = AXIS2_PLACEMENT_3D('',#1468,#1469,#1470);
#1468 = CARTESIAN_POINT('',(12.04903776425,4.958771484507,0.));
#1469 = DIRECTION('',(0.,0.,1.));
#1470 = DIRECTION('',(1.,0.,-0.));
#1471 = ( GEOMETRIC_REPRESENTATION_CONTEXT(3) 
GLOBAL_UNCERTAINTY_ASSIGNED_CONTEXT((#1475)) 
GLOBAL_UNIT_ASSIGNED_CONTEXT((#1472,#1473,#1474)) REPRESENTATION_CONTEXT
('Context #1','3D Context with UNIT and UNCERTAINTY') );
#1472 = ( LENGTH_UNIT() NAMED_UNIT(*) SI_UNIT(.MILLI.,.METRE.) );
#1473 = ( NAMED_UNIT(*) PLANE_ANGLE_UNIT() SI_UNIT($,.RADIAN.) );
#1474 = ( NAMED_UNIT(*) SI_UNIT($,.STERADIAN.) SOLID_ANGLE_UNIT() );
#1475 = UNCERTAINTY_MEASURE_WITH_UNIT(LENGTH_MEASURE(1.E-07),#1472,
  'distance_accuracy_value','confusion accuracy');
#1476 = CONTEXT_DEPENDENT_SHAPE_REPRESENTATION(#1477,#1479);
#1477 = ( REPRESENTATION_RELATIONSHIP('','',#1226,#10) 
REPRESENTATION_RELATIONSHIP_WITH_TRANSFORMATION(#1478) 
SHAPE_REPRESENTATION_RELATIONSHIP() );
#1478 = ITEM_DEFINED_TRANSFORMATION('','',#11,#19);
#1479 = PRODUCT_DEFINITION_SHAPE('Placement','Placement of an item',
  #1480);
#1480 = NEXT_ASSEMBLY_USAGE_OCCURRENCE('9','=>[0:1:1:2]','',#5,#1221,$);
#1481 = PRODUCT_RELATED_PRODUCT_CATEGORY('part',$,(#1223));
#1482 = SHAPE_DEFINITION_REPRESENTATION(#1483,#1489);
#1483 = PRODUCT_DEFINITION_SHAPE('','',#1484);
#1484 = PRODUCT_DEFINITION('design','',#1485,#1488);
#1485 = PRODUCT_DEFINITION_FORMATION('','',#1486);
#1486 = PRODUCT('+y','+y','',(#1487));
#1487 = PRODUCT_CONTEXT('',#2,'mechanical');
#1488 = PRODUCT_DEFINITION_CONTEXT('part definition',#2,'design');
#1489 = SHAPE_REPRESENTATION('',(#11,#1490,#1596),#1694);
#1490 = SHELL_BASED_SURFACE_MODEL('',(#1491));
#1491 = OPEN_SHELL('',(#1492));
#1492 = ADVANCED_FACE('',(#1493),#1591,.T.);
#1493 = FACE_BOUND('',#1494,.T.);
#1494 = EDGE_LOOP('',(#1495,#1505,#1513,#1521,#1529,#1537,#1545,#1553,
    #1561,#1569,#1577,#1585));
#1495 = ORIENTED_EDGE('',*,*,#1496,.F.);
#1496 = EDGE_CURVE('',#1497,#1499,#1501,.T.);
#1497 = VERTEX_POINT('',#1498);
#1498 = CARTESIAN_POINT('',(2.71847747093,1.627906976744,0.));
#1499 = VERTEX_POINT('',#1500);
#1500 = CARTESIAN_POINT('',(2.71847747093,4.360465116279,0.));
#1501 = LINE('',#1502,#1503);
#1502 = CARTESIAN_POINT('',(2.71847747093,1.627906976744,0.));
#1503 = VECTOR('',#1504,1.);
#1504 = DIRECTION('',(0.,1.,0.));
#1505 = ORIENTED_EDGE('',*,*,#1506,.F.);
#1506 = EDGE_CURVE('',#1507,#1497,#1509,.T.);
#1507 = VERTEX_POINT('',#1508);
#1508 = CARTESIAN_POINT('',(3.876726017442,1.627906976744,0.));
#1509 = LINE('',#1510,#1511);
#1510 = CARTESIAN_POINT('',(3.876726017442,1.627906976744,0.));
#1511 = VECTOR('',#1512,1.);
#1512 = DIRECTION('',(-1.,0.,0.));
#1513 = ORIENTED_EDGE('',*,*,#1514,.F.);
#1514 = EDGE_CURVE('',#1515,#1507,#1517,.T.);
#1515 = VERTEX_POINT('',#1516);
#1516 = CARTESIAN_POINT('',(3.876726017442,4.360465116279,0.));
#1517 = LINE('',#1518,#1519);
#1518 = CARTESIAN_POINT('',(3.876726017442,4.360465116279,0.));
#1519 = VECTOR('',#1520,1.);
#1520 = DIRECTION('',(0.,-1.,-0.));
#1521 = ORIENTED_EDGE('',*,*,#1522,.F.);
#1522 = EDGE_CURVE('',#1523,#1515,#1525,.T.);
#1523 = VERTEX_POINT('',#1524);
#1524 = CARTESIAN_POINT('',(6.595203488372,4.360465116279,0.));
#1525 = LINE('',#1526,#1527);
#1526 = CARTESIAN_POINT('',(6.595203488372,4.360465116279,0.));
#1527 = VECTOR('',#1528,1.);
#1528 = DIRECTION('',(-1.,0.,0.));
#1529 = ORIENTED_EDGE('',*,*,#1530,.F.);
#1530 = EDGE_CURVE('',#1531,#1523,#1533,.T.);
#1531 = VERTEX_POINT('',#1532);
#1532 = CARTESIAN_POINT('',(6.595203488372,5.494186046512,0.));
#1533 = LINE('',#1534,#1535);
#1534 = CARTESIAN_POINT('',(6.595203488372,5.494186046512,0.));
#1535 = VECTOR('',#1536,1.);
#1536 = DIRECTION('',(0.,-1.,-0.));
#1537 = ORIENTED_EDGE('',*,*,#1538,.F.);
#1538 = EDGE_CURVE('',#1539,#1531,#1541,.T.);
#1539 = VERTEX_POINT('',#1540);
#1540 = CARTESIAN_POINT('',(3.876726017442,5.494186046512,0.));
#1541 = LINE('',#1542,#1543);
#1542 = CARTESIAN_POINT('',(3.876726017442,5.494186046512,0.));
#1543 = VECTOR('',#1544,1.);
#1544 = DIRECTION('',(1.,0.,0.));
#1545 = ORIENTED_EDGE('',*,*,#1546,.F.);
#1546 = EDGE_CURVE('',#1547,#1539,#1549,.T.);
#1547 = VERTEX_POINT('',#1548);
#1548 = CARTESIAN_POINT('',(3.876726017442,8.226744186047,0.));
#1549 = LINE('',#1550,#1551);
#1550 = CARTESIAN_POINT('',(3.876726017442,8.226744186047,0.));
#1551 = VECTOR('',#1552,1.);
#1552 = DIRECTION('',(0.,-1.,-0.));
#1553 = ORIENTED_EDGE('',*,*,#1554,.F.);
#1554 = EDGE_CURVE('',#1555,#1547,#1557,.T.);
#1555 = VERTEX_POINT('',#1556);
#1556 = CARTESIAN_POINT('',(2.71847747093,8.226744186047,0.));
#1557 = LINE('',#1558,#1559);
#1558 = CARTESIAN_POINT('',(2.71847747093,8.226744186047,0.));
#1559 = VECTOR('',#1560,1.);
#1560 = DIRECTION('',(1.,0.,0.));
#1561 = ORIENTED_EDGE('',*,*,#1562,.F.);
#1562 = EDGE_CURVE('',#1563,#1555,#1565,.T.);
#1563 = VERTEX_POINT('',#1564);
#1564 = CARTESIAN_POINT('',(2.71847747093,5.494186046512,0.));
#1565 = LINE('',#1566,#1567);
#1566 = CARTESIAN_POINT('',(2.71847747093,5.494186046512,0.));
#1567 = VECTOR('',#1568,1.);
#1568 = DIRECTION('',(0.,1.,0.));
#1569 = ORIENTED_EDGE('',*,*,#1570,.F.);
#1570 = EDGE_CURVE('',#1571,#1563,#1573,.T.);
#1571 = VERTEX_POINT('',#1572);
#1572 = CARTESIAN_POINT('',(3.330669073875E-16,5.494186046512,0.));
#1573 = LINE('',#1574,#1575);
#1574 = CARTESIAN_POINT('',(3.330669073875E-16,5.494186046512,0.));
#1575 = VECTOR('',#1576,1.);
#1576 = DIRECTION('',(1.,0.,0.));
#1577 = ORIENTED_EDGE('',*,*,#1578,.F.);
#1578 = EDGE_CURVE('',#1579,#1571,#1581,.T.);
#1579 = VERTEX_POINT('',#1580);
#1580 = CARTESIAN_POINT('',(3.330669073875E-16,4.360465116279,0.));
#1581 = LINE('',#1582,#1583);
#1582 = CARTESIAN_POINT('',(3.330669073875E-16,4.360465116279,0.));
#1583 = VECTOR('',#1584,1.);
#1584 = DIRECTION('',(0.,1.,0.));
#1585 = ORIENTED_EDGE('',*,*,#1586,.F.);
#1586 = EDGE_CURVE('',#1499,#1579,#1587,.T.);
#1587 = LINE('',#1588,#1589);
#1588 = CARTESIAN_POINT('',(2.71847747093,4.360465116279,0.));
#1589 = VECTOR('',#1590,1.);
#1590 = DIRECTION('',(-1.,0.,0.));
#1591 = PLANE('',#1592);
#1592 = AXIS2_PLACEMENT_3D('',#1593,#1594,#1595);
#1593 = CARTESIAN_POINT('',(3.297601744186,4.927325581395,0.));
#1594 = DIRECTION('',(0.,0.,1.));
#1595 = DIRECTION('',(1.,0.,-0.));
#1596 = SHELL_BASED_SURFACE_MODEL('',(#1597));
#1597 = OPEN_SHELL('',(#1598));
#1598 = ADVANCED_FACE('',(#1599),#1689,.T.);
#1599 = FACE_BOUND('',#1600,.T.);
#1600 = EDGE_LOOP('',(#1601,#1611,#1619,#1627,#1635,#1643,#1651,#1659,
    #1667,#1675,#1683));
#1601 = ORIENTED_EDGE('',*,*,#1602,.F.);
#1602 = EDGE_CURVE('',#1603,#1605,#1607,.T.);
#1603 = VERTEX_POINT('',#1604);
#1604 = CARTESIAN_POINT('',(11.253179505814,0.,0.));
#1605 = VERTEX_POINT('',#1606);
#1606 = CARTESIAN_POINT('',(11.253179505814,4.236010174419,0.));
#1607 = LINE('',#1608,#1609);
#1608 = CARTESIAN_POINT('',(11.253179505814,0.,0.));
#1609 = VECTOR('',#1610,1.);
#1610 = DIRECTION('',(0.,1.,0.));
#1611 = ORIENTED_EDGE('',*,*,#1612,.F.);
#1612 = EDGE_CURVE('',#1613,#1603,#1615,.T.);
#1613 = VERTEX_POINT('',#1614);
#1614 = CARTESIAN_POINT('',(12.574945494186,0.,0.));
#1615 = LINE('',#1616,#1617);
#1616 = CARTESIAN_POINT('',(12.574945494186,0.,0.));
#1617 = VECTOR('',#1618,1.);
#1618 = DIRECTION('',(-1.,0.,0.));
#1619 = ORIENTED_EDGE('',*,*,#1620,.F.);
#1620 = EDGE_CURVE('',#1621,#1613,#1623,.T.);
#1621 = VERTEX_POINT('',#1622);
#1622 = CARTESIAN_POINT('',(12.574945494186,4.236010174419,0.));
#1623 = LINE('',#1624,#1625);
#1624 = CARTESIAN_POINT('',(12.574945494186,4.236010174419,0.));
#1625 = VECTOR('',#1626,1.);
#1626 = DIRECTION('',(0.,-1.,0.));
#1627 = ORIENTED_EDGE('',*,*,#1628,.F.);
#1628 = EDGE_CURVE('',#1629,#1621,#1631,.T.);
#1629 = VERTEX_POINT('',#1630);
#1630 = CARTESIAN_POINT('',(16.560683139535,10.,0.));
#1631 = LINE('',#1632,#1633);
#1632 = CARTESIAN_POINT('',(16.560683139535,10.,0.));
#1633 = VECTOR('',#1634,1.);
#1634 = DIRECTION('',(-0.568754887758,-0.82250706845,0.));
#1635 = ORIENTED_EDGE('',*,*,#1636,.F.);
#1636 = EDGE_CURVE('',#1637,#1629,#1639,.T.);
#1637 = VERTEX_POINT('',#1638);
#1638 = CARTESIAN_POINT('',(15.020893895349,10.,0.));
#1639 = LINE('',#1640,#1641);
#1640 = CARTESIAN_POINT('',(15.020893895349,10.,0.));
#1641 = VECTOR('',#1642,1.);
#1642 = DIRECTION('',(1.,0.,0.));
#1643 = ORIENTED_EDGE('',*,*,#1644,.F.);
#1644 = EDGE_CURVE('',#1645,#1637,#1647,.T.);
#1645 = VERTEX_POINT('',#1646);
#1646 = CARTESIAN_POINT('',(13.0859375,7.053052325581,0.));
#1647 = LINE('',#1648,#1649);
#1648 = CARTESIAN_POINT('',(13.0859375,7.053052325581,0.));
#1649 = VECTOR('',#1650,1.);
#1650 = DIRECTION('',(0.548859051798,0.835914912691,0.));
#1651 = ORIENTED_EDGE('',*,*,#1652,.F.);
#1652 = EDGE_CURVE('',#1653,#1645,#1655,.T.);
#1653 = VERTEX_POINT('',#1654);
#1654 = CARTESIAN_POINT('',(11.99582122093,5.313408430233,0.));
#1655 = B_SPLINE_CURVE_WITH_KNOTS('',2,(#1656,#1657,#1658),
  .UNSPECIFIED.,.F.,.F.,(3,3),(0.,1.),.PIECEWISE_BEZIER_KNOTS.);
#1656 = CARTESIAN_POINT('',(11.99582122093,5.313408430233,0.));
#1657 = CARTESIAN_POINT('',(12.445494186047,6.068768168605,0.));
#1658 = CARTESIAN_POINT('',(13.0859375,7.053052325581,0.));
#1659 = ORIENTED_EDGE('',*,*,#1660,.F.);
#1660 = EDGE_CURVE('',#1661,#1653,#1663,.T.);
#1661 = VERTEX_POINT('',#1662);
#1662 = CARTESIAN_POINT('',(10.980650436047,6.972202034884,0.));
#1663 = B_SPLINE_CURVE_WITH_KNOTS('',2,(#1664,#1665,#1666),
  .UNSPECIFIED.,.F.,.F.,(3,3),(0.,1.),.PIECEWISE_BEZIER_KNOTS.);
#1664 = CARTESIAN_POINT('',(10.980650436047,6.972202034884,0.));
#1665 = CARTESIAN_POINT('',(11.525708575581,6.124182412791,0.));
#1666 = CARTESIAN_POINT('',(11.99582122093,5.313408430233,0.));
#1667 = ORIENTED_EDGE('',*,*,#1668,.F.);
#1668 = EDGE_CURVE('',#1669,#1661,#1671,.T.);
#1669 = VERTEX_POINT('',#1670);
#1670 = CARTESIAN_POINT('',(9.011627906977,10.,0.));
#1671 = LINE('',#1672,#1673);
#1672 = CARTESIAN_POINT('',(9.011627906977,10.,0.));
#1673 = VECTOR('',#1674,1.);
#1674 = DIRECTION('',(0.54517399497,-0.838322918217,0.));
#1675 = ORIENTED_EDGE('',*,*,#1676,.F.);
#1676 = EDGE_CURVE('',#1677,#1669,#1679,.T.);
#1677 = VERTEX_POINT('',#1678);
#1678 = CARTESIAN_POINT('',(7.403706395349,10.,0.));
#1679 = LINE('',#1680,#1681);
#1680 = CARTESIAN_POINT('',(7.403706395349,10.,0.));
#1681 = VECTOR('',#1682,1.);
#1682 = DIRECTION('',(1.,0.,0.));
#1683 = ORIENTED_EDGE('',*,*,#1684,.F.);
#1684 = EDGE_CURVE('',#1605,#1677,#1685,.T.);
#1685 = LINE('',#1686,#1687);
#1686 = CARTESIAN_POINT('',(11.253179505814,4.236010174419,0.));
#1687 = VECTOR('',#1688,1.);
#1688 = DIRECTION('',(-0.555380531429,0.831596335556,0.));
#1689 = PLANE('',#1690);
#1690 = AXIS2_PLACEMENT_3D('',#1691,#1692,#1693);
#1691 = CARTESIAN_POINT('',(11.960347266189,6.155385029949,0.));
#1692 = DIRECTION('',(0.,0.,1.));
#1693 = DIRECTION('',(1.,0.,-0.));
#1694 = ( GEOMETRIC_REPRESENTATION_CONTEXT(3) 
GLOBAL_UNCERTAINTY_ASSIGNED_CONTEXT((#1698)) 
GLOBAL_UNIT_ASSIGNED_CONTEXT((#1695,#1696,#1697)) REPRESENTATION_CONTEXT
('Context #1','3D Context with UNIT and UNCERTAINTY') );
#1695 = ( LENGTH_UNIT() NAMED_UNIT(*) SI_UNIT(.MILLI.,.METRE.) );
#1696 = ( NAMED_UNIT(*) PLANE_ANGLE_UNIT() SI_UNIT($,.RADIAN.) );
#1697 = ( NAMED_UNIT(*) SI_UNIT($,.STERADIAN.) SOLID_ANGLE_UNIT() );
#1698 = UNCERTAINTY_MEASURE_WITH_UNIT(LENGTH_MEASURE(1.E-07),#1695,
  'distance_accuracy_value','confusion accuracy');
#1699 = CONTEXT_DEPENDENT_SHAPE_REPRESENTATION(#1700,#1702);
#1700 = ( REPRESENTATION_RELATIONSHIP('','',#1489,#10) 
REPRESENTATION_RELATIONSHIP_WITH_TRANSFORMATION(#1701) 
SHAPE_REPRESENTATION_RELATIONSHIP() );
#1701 = ITEM_DEFINED_TRANSFORMATION('','',#11,#23);
#1702 = PRODUCT_DEFINITION_SHAPE('Placement','Placement of an item',
  #1703);
#1703 = NEXT_ASSEMBLY_USAGE_OCCURRENCE('10','=>[0:1:1:3]','',#5,#1484,$
  );
#1704 = PRODUCT_RELATED_PRODUCT_CATEGORY('part',$,(#1486));
#1705 = SHAPE_DEFINITION_REPRESENTATION(#1706,#1712);
#1706 = PRODUCT_DEFINITION_SHAPE('','',#1707);
#1707 = PRODUCT_DEFINITION('design','',#1708,#1711);
#1708 = PRODUCT_DEFINITION_FORMATION('','',#1709);
#1709 = PRODUCT('Face','Face','',(#1710));
#1710 = PRODUCT_CONTEXT('',#2,'mechanical');
#1711 = PRODUCT_DEFINITION_CONTEXT('part definition',#2,'design');
#1712 = MANIFOLD_SURFACE_SHAPE_REPRESENTATION('',(#11,#1713),#1851);
#1713 = SHELL_BASED_SURFACE_MODEL('',(#1714));
#1714 = OPEN_SHELL('',(#1715));
#1715 = ADVANCED_FACE('',(#1716),#1846,.T.);
#1716 = FACE_BOUND('',#1717,.T.);
#1717 = EDGE_LOOP('',(#1718,#1728,#1736,#1744,#1752,#1760,#1768,#1776,
    #1784,#1792,#1800,#1808,#1816,#1824,#1832,#1840));
#1718 = ORIENTED_EDGE('',*,*,#1719,.F.);
#1719 = EDGE_CURVE('',#1720,#1722,#1724,.T.);
#1720 = VERTEX_POINT('',#1721);
#1721 = CARTESIAN_POINT('',(8.200853924419,0.,0.));
#1722 = VERTEX_POINT('',#1723);
#1723 = CARTESIAN_POINT('',(12.060773982558,5.18304869186,0.));
#1724 = LINE('',#1725,#1726);
#1725 = CARTESIAN_POINT('',(8.200853924419,0.,0.));
#1726 = VECTOR('',#1727,1.);
#1727 = DIRECTION('',(0.597286347267,0.802028066447,0.));
#1728 = ORIENTED_EDGE('',*,*,#1729,.F.);
#1729 = EDGE_CURVE('',#1730,#1720,#1732,.T.);
#1730 = VERTEX_POINT('',#1731);
#1731 = CARTESIAN_POINT('',(9.788335755814,0.,0.));
#1732 = LINE('',#1733,#1734);
#1733 = CARTESIAN_POINT('',(9.788335755814,0.,0.));
#1734 = VECTOR('',#1735,1.);
#1735 = DIRECTION('',(-1.,0.,0.));
#1736 = ORIENTED_EDGE('',*,*,#1737,.F.);
#1737 = EDGE_CURVE('',#1738,#1730,#1740,.T.);
#1738 = VERTEX_POINT('',#1739);
#1739 = CARTESIAN_POINT('',(12.295603197674,3.465661337209,0.));
#1740 = LINE('',#1741,#1742);
#1741 = CARTESIAN_POINT('',(12.295603197674,3.465661337209,0.));
#1742 = VECTOR('',#1743,1.);
#1743 = DIRECTION('',(-0.586149448931,-0.810202952055,0.));
#1744 = ORIENTED_EDGE('',*,*,#1745,.F.);
#1745 = EDGE_CURVE('',#1746,#1738,#1748,.T.);
#1746 = VERTEX_POINT('',#1747);
#1747 = CARTESIAN_POINT('',(12.772529069767,4.181050145349,0.));
#1748 = B_SPLINE_CURVE_WITH_KNOTS('',2,(#1749,#1750,#1751),
  .UNSPECIFIED.,.F.,.F.,(3,3),(0.,1.),.PIECEWISE_BEZIER_KNOTS.);
#1749 = CARTESIAN_POINT('',(12.772529069767,4.181050145349,0.));
#1750 = CARTESIAN_POINT('',(12.438680959302,3.667332848837,0.));
#1751 = CARTESIAN_POINT('',(12.295603197674,3.465661337209,0.));
#1752 = ORIENTED_EDGE('',*,*,#1753,.F.);
#1753 = EDGE_CURVE('',#1754,#1746,#1756,.T.);
#1754 = VERTEX_POINT('',#1755);
#1755 = CARTESIAN_POINT('',(13.208575581395,3.56195494186,0.));
#1756 = B_SPLINE_CURVE_WITH_KNOTS('',2,(#1757,#1758,#1759),
  .UNSPECIFIED.,.F.,.F.,(3,3),(0.,1.),.PIECEWISE_BEZIER_KNOTS.);
#1757 = CARTESIAN_POINT('',(13.208575581395,3.56195494186,0.));
#1758 = CARTESIAN_POINT('',(12.997365552326,3.865824854651,0.));
#1759 = CARTESIAN_POINT('',(12.772529069767,4.181050145349,0.));
#1760 = ORIENTED_EDGE('',*,*,#1761,.F.);
#1761 = EDGE_CURVE('',#1762,#1754,#1764,.T.);
#1762 = VERTEX_POINT('',#1763);
#1763 = CARTESIAN_POINT('',(15.72265625,0.,0.));
#1764 = LINE('',#1765,#1766);
#1765 = CARTESIAN_POINT('',(15.72265625,0.,0.));
#1766 = VECTOR('',#1767,1.);
#1767 = DIRECTION('',(-0.576646384499,0.81699384774,0.));
#1768 = ORIENTED_EDGE('',*,*,#1769,.F.);
#1769 = EDGE_CURVE('',#1770,#1762,#1772,.T.);
#1770 = VERTEX_POINT('',#1771);
#1771 = CARTESIAN_POINT('',(17.357830668605,0.,0.));
#1772 = LINE('',#1773,#1774);
#1773 = CARTESIAN_POINT('',(17.357830668605,0.,0.));
#1774 = VECTOR('',#1775,1.);
#1775 = DIRECTION('',(-1.,0.,0.));
#1776 = ORIENTED_EDGE('',*,*,#1777,.F.);
#1777 = EDGE_CURVE('',#1778,#1770,#1780,.T.);
#1778 = VERTEX_POINT('',#1779);
#1779 = CARTESIAN_POINT('',(13.617823401163,5.248001453488,0.));
#1780 = LINE('',#1781,#1782);
#1781 = CARTESIAN_POINT('',(13.617823401163,5.248001453488,0.));
#1782 = VECTOR('',#1783,1.);
#1783 = DIRECTION('',(0.580357767615,-0.814361628252,0.));
#1784 = ORIENTED_EDGE('',*,*,#1785,.F.);
#1785 = EDGE_CURVE('',#1786,#1778,#1788,.T.);
#1786 = VERTEX_POINT('',#1787);
#1787 = CARTESIAN_POINT('',(17.085301598837,10.,0.));
#1788 = LINE('',#1789,#1790);
#1789 = CARTESIAN_POINT('',(17.085301598837,10.,0.));
#1790 = VECTOR('',#1791,1.);
#1791 = DIRECTION('',(-0.589447282263,-0.807806846612,0.));
#1792 = ORIENTED_EDGE('',*,*,#1793,.F.);
#1793 = EDGE_CURVE('',#1794,#1786,#1796,.T.);
#1794 = VERTEX_POINT('',#1795);
#1795 = CARTESIAN_POINT('',(15.647710755814,10.,0.));
#1796 = LINE('',#1797,#1798);
#1797 = CARTESIAN_POINT('',(15.647710755814,10.,0.));
#1798 = VECTOR('',#1799,1.);
#1799 = DIRECTION('',(1.,0.,0.));
#1800 = ORIENTED_EDGE('',*,*,#1801,.F.);
#1801 = EDGE_CURVE('',#1802,#1794,#1804,.T.);
#1802 = VERTEX_POINT('',#1803);
#1803 = CARTESIAN_POINT('',(13.637808866279,7.324672965116,0.));
#1804 = LINE('',#1805,#1806);
#1805 = CARTESIAN_POINT('',(13.637808866279,7.324672965116,0.));
#1806 = VECTOR('',#1807,1.);
#1807 = DIRECTION('',(0.600651355017,0.799511069164,0.));
#1808 = ORIENTED_EDGE('',*,*,#1809,.F.);
#1809 = EDGE_CURVE('',#1810,#1802,#1812,.T.);
#1810 = VERTEX_POINT('',#1811);
#1811 = CARTESIAN_POINT('',(12.847474563953,6.223655523256,0.));
#1812 = B_SPLINE_CURVE_WITH_KNOTS('',2,(#1813,#1814,#1815),
  .UNSPECIFIED.,.F.,.F.,(3,3),(0.,1.),.PIECEWISE_BEZIER_KNOTS.);
#1813 = CARTESIAN_POINT('',(12.847474563953,6.223655523256,0.));
#1814 = CARTESIAN_POINT('',(13.181322674419,6.724654796512,0.));
#1815 = CARTESIAN_POINT('',(13.637808866279,7.324672965116,0.));
#1816 = ORIENTED_EDGE('',*,*,#1817,.F.);
#1817 = EDGE_CURVE('',#1818,#1810,#1820,.T.);
#1818 = VERTEX_POINT('',#1819);
#1819 = CARTESIAN_POINT('',(12.04351380814,7.436864098837,0.));
#1820 = B_SPLINE_CURVE_WITH_KNOTS('',2,(#1821,#1822,#1823),
  .UNSPECIFIED.,.F.,.F.,(3,3),(0.,1.),.PIECEWISE_BEZIER_KNOTS.);
#1821 = CARTESIAN_POINT('',(12.04351380814,7.436864098837,0.));
#1822 = CARTESIAN_POINT('',(12.609011627907,6.641079215116,0.));
#1823 = CARTESIAN_POINT('',(12.847474563953,6.223655523256,0.));
#1824 = ORIENTED_EDGE('',*,*,#1825,.F.);
#1825 = EDGE_CURVE('',#1826,#1818,#1828,.T.);
#1826 = VERTEX_POINT('',#1827);
#1827 = CARTESIAN_POINT('',(10.231195494186,10.,0.));
#1828 = LINE('',#1829,#1830);
#1829 = CARTESIAN_POINT('',(10.231195494186,10.,0.));
#1830 = VECTOR('',#1831,1.);
#1831 = DIRECTION('',(0.577330632427,-0.816510465861,0.));
#1832 = ORIENTED_EDGE('',*,*,#1833,.F.);
#1833 = EDGE_CURVE('',#1834,#1826,#1836,.T.);
#1834 = VERTEX_POINT('',#1835);
#1835 = CARTESIAN_POINT('',(8.657340116279,10.,0.));
#1836 = LINE('',#1837,#1838);
#1837 = CARTESIAN_POINT('',(8.657340116279,10.,0.));
#1838 = VECTOR('',#1839,1.);
#1839 = DIRECTION('',(1.,0.,0.));
#1840 = ORIENTED_EDGE('',*,*,#1841,.F.);
#1841 = EDGE_CURVE('',#1722,#1834,#1842,.T.);
#1842 = LINE('',#1843,#1844);
#1843 = CARTESIAN_POINT('',(12.060773982558,5.18304869186,0.));
#1844 = VECTOR('',#1845,1.);
#1845 = DIRECTION('',(-0.577048990018,0.816709534118,0.));
#1846 = PLANE('',#1847);
#1847 = AXIS2_PLACEMENT_3D('',#1848,#1849,#1850);
#1848 = CARTESIAN_POINT('',(12.825745613087,4.958771484507,0.));
#1849 = DIRECTION('',(0.,0.,1.));
#1850 = DIRECTION('',(1.,0.,-0.));
#1851 = ( GEOMETRIC_REPRESENTATION_CONTEXT(3) 
GLOBAL_UNCERTAINTY_ASSIGNED_CONTEXT((#1855)) 
GLOBAL_UNIT_ASSIGNED_CONTEXT((#1852,#1853,#1854)) REPRESENTATION_CONTEXT
('Context #1','3D Context with UNIT and UNCERTAINTY') );
#1852 = ( LENGTH_UNIT() NAMED_UNIT(*) SI_UNIT(.MILLI.,.METRE.) );
#1853 = ( NAMED_UNIT(*) PLANE_ANGLE_UNIT() SI_UNIT($,.RADIAN.) );
#1854 = ( NAMED_UNIT(*) SI_UNIT($,.STERADIAN.) SOLID_ANGLE_UNIT() );
#1855 = UNCERTAINTY_MEASURE_WITH_UNIT(LENGTH_MEASURE(1.E-07),#1852,
  'distance_accuracy_value','confusion accuracy');
#1856 = CONTEXT_DEPENDENT_SHAPE_REPRESENTATION(#1857,#1859);
#1857 = ( REPRESENTATION_RELATIONSHIP('','',#1712,#10) 
REPRESENTATION_RELATIONSHIP_WITH_TRANSFORMATION(#1858) 
SHAPE_REPRESENTATION_RELATIONSHIP() );
#1858 = ITEM_DEFINED_TRANSFORMATION('','',#11,#27);
#1859 = PRODUCT_DEFINITION_SHAPE('Placement','Placement of an item',
  #1860);
#1860 = NEXT_ASSEMBLY_USAGE_OCCURRENCE('11','=>[0:1:1:4]','',#5,#1707,$
  );
#1861 = PRODUCT_RELATED_PRODUCT_CATEGORY('part',$,(#1709));
#1862 = SHAPE_DEFINITION_REPRESENTATION(#1863,#1869);
#1863 = PRODUCT_DEFINITION_SHAPE('','',#1864);
#1864 = PRODUCT_DEFINITION('design','',#1865,#1868);
#1865 = PRODUCT_DEFINITION_FORMATION('','',#1866);
#1866 = PRODUCT('X','X','',(#1867));
#1867 = PRODUCT_CONTEXT('',#2,'mechanical');
#1868 = PRODUCT_DEFINITION_CONTEXT('part definition',#2,'design');
#1869 = ADVANCED_BREP_SHAPE_REPRESENTATION('',(#11,#1870),#2424);
#1870 = MANIFOLD_SOLID_BREP('',#1871);
#1871 = CLOSED_SHELL('',(#1872,#1912,#1943,#1974,#2007,#2040,#2071,#2102
    ,#2133,#2164,#2195,#2226,#2259,#2292,#2323,#2354,#2376,#2400));
#1872 = ADVANCED_FACE('',(#1873),#1907,.T.);
#1873 = FACE_BOUND('',#1874,.T.);
#1874 = EDGE_LOOP('',(#1875,#1885,#1893,#1901));
#1875 = ORIENTED_EDGE('',*,*,#1876,.T.);
#1876 = EDGE_CURVE('',#1877,#1879,#1881,.T.);
#1877 = VERTEX_POINT('',#1878);
#1878 = CARTESIAN_POINT('',(37.424146075581,-75.,5.));
#1879 = VERTEX_POINT('',#1880);
#1880 = CARTESIAN_POINT('',(37.424146075581,-75.,6.));
#1881 = LINE('',#1882,#1883);
#1882 = CARTESIAN_POINT('',(37.424146075581,-75.,5.));
#1883 = VECTOR('',#1884,1.);
#1884 = DIRECTION('',(0.,0.,1.));
#1885 = ORIENTED_EDGE('',*,*,#1886,.T.);
#1886 = EDGE_CURVE('',#1879,#1887,#1889,.T.);
#1887 = VERTEX_POINT('',#1888);
#1888 = CARTESIAN_POINT('',(41.284066133721,-69.81695130814,6.));
#1889 = LINE('',#1890,#1891);
#1890 = CARTESIAN_POINT('',(37.424146075581,-75.,6.));
#1891 = VECTOR('',#1892,1.);
#1892 = DIRECTION('',(0.597286347267,0.802028066447,0.));
#1893 = ORIENTED_EDGE('',*,*,#1894,.F.);
#1894 = EDGE_CURVE('',#1895,#1887,#1897,.T.);
#1895 = VERTEX_POINT('',#1896);
#1896 = CARTESIAN_POINT('',(41.284066133721,-69.81695130814,5.));
#1897 = LINE('',#1898,#1899);
#1898 = CARTESIAN_POINT('',(41.284066133721,-69.81695130814,5.));
#1899 = VECTOR('',#1900,1.);
#1900 = DIRECTION('',(0.,0.,1.));
#1901 = ORIENTED_EDGE('',*,*,#1902,.F.);
#1902 = EDGE_CURVE('',#1877,#1895,#1903,.T.);
#1903 = LINE('',#1904,#1905);
#1904 = CARTESIAN_POINT('',(37.424146075581,-75.,5.));
#1905 = VECTOR('',#1906,1.);
#1906 = DIRECTION('',(0.597286347267,0.802028066447,0.));
#1907 = PLANE('',#1908);
#1908 = AXIS2_PLACEMENT_3D('',#1909,#1910,#1911);
#1909 = CARTESIAN_POINT('',(37.424146075581,-75.,5.));
#1910 = DIRECTION('',(-0.802028066447,0.597286347267,0.));
#1911 = DIRECTION('',(0.597286347267,0.802028066447,0.));
#1912 = ADVANCED_FACE('',(#1913),#1938,.T.);
#1913 = FACE_BOUND('',#1914,.T.);
#1914 = EDGE_LOOP('',(#1915,#1925,#1931,#1932));
#1915 = ORIENTED_EDGE('',*,*,#1916,.T.);
#1916 = EDGE_CURVE('',#1917,#1919,#1921,.T.);
#1917 = VERTEX_POINT('',#1918);
#1918 = CARTESIAN_POINT('',(39.011627906977,-75.,5.));
#1919 = VERTEX_POINT('',#1920);
#1920 = CARTESIAN_POINT('',(39.011627906977,-75.,6.));
#1921 = LINE('',#1922,#1923);
#1922 = CARTESIAN_POINT('',(39.011627906977,-75.,5.));
#1923 = VECTOR('',#1924,1.);
#1924 = DIRECTION('',(0.,0.,1.));
#1925 = ORIENTED_EDGE('',*,*,#1926,.T.);
#1926 = EDGE_CURVE('',#1919,#1879,#1927,.T.);
#1927 = LINE('',#1928,#1929);
#1928 = CARTESIAN_POINT('',(39.011627906977,-75.,6.));
#1929 = VECTOR('',#1930,1.);
#1930 = DIRECTION('',(-1.,0.,0.));
#1931 = ORIENTED_EDGE('',*,*,#1876,.F.);
#1932 = ORIENTED_EDGE('',*,*,#1933,.F.);
#1933 = EDGE_CURVE('',#1917,#1877,#1934,.T.);
#1934 = LINE('',#1935,#1936);
#1935 = CARTESIAN_POINT('',(39.011627906977,-75.,5.));
#1936 = VECTOR('',#1937,1.);
#1937 = DIRECTION('',(-1.,0.,0.));
#1938 = PLANE('',#1939);
#1939 = AXIS2_PLACEMENT_3D('',#1940,#1941,#1942);
#1940 = CARTESIAN_POINT('',(39.011627906977,-75.,5.));
#1941 = DIRECTION('',(0.,-1.,0.));
#1942 = DIRECTION('',(-1.,0.,0.));
#1943 = ADVANCED_FACE('',(#1944),#1969,.T.);
#1944 = FACE_BOUND('',#1945,.T.);
#1945 = EDGE_LOOP('',(#1946,#1956,#1962,#1963));
#1946 = ORIENTED_EDGE('',*,*,#1947,.T.);
#1947 = EDGE_CURVE('',#1948,#1950,#1952,.T.);
#1948 = VERTEX_POINT('',#1949);
#1949 = CARTESIAN_POINT('',(41.518895348837,-71.53433866279,5.));
#1950 = VERTEX_POINT('',#1951);
#1951 = CARTESIAN_POINT('',(41.518895348837,-71.53433866279,6.));
#1952 = LINE('',#1953,#1954);
#1953 = CARTESIAN_POINT('',(41.518895348837,-71.53433866279,5.));
#1954 = VECTOR('',#1955,1.);
#1955 = DIRECTION('',(0.,0.,1.));
#1956 = ORIENTED_EDGE('',*,*,#1957,.T.);
#1957 = EDGE_CURVE('',#1950,#1919,#1958,.T.);
#1958 = LINE('',#1959,#1960);
#1959 = CARTESIAN_POINT('',(41.518895348837,-71.53433866279,6.));
#1960 = VECTOR('',#1961,1.);
#1961 = DIRECTION('',(-0.586149448931,-0.810202952055,0.));
#1962 = ORIENTED_EDGE('',*,*,#1916,.F.);
#1963 = ORIENTED_EDGE('',*,*,#1964,.F.);
#1964 = EDGE_CURVE('',#1948,#1917,#1965,.T.);
#1965 = LINE('',#1966,#1967);
#1966 = CARTESIAN_POINT('',(41.518895348837,-71.53433866279,5.));
#1967 = VECTOR('',#1968,1.);
#1968 = DIRECTION('',(-0.586149448931,-0.810202952055,0.));
#1969 = PLANE('',#1970);
#1970 = AXIS2_PLACEMENT_3D('',#1971,#1972,#1973);
#1971 = CARTESIAN_POINT('',(41.518895348837,-71.53433866279,5.));
#1972 = DIRECTION('',(0.810202952055,-0.586149448931,0.));
#1973 = DIRECTION('',(-0.586149448931,-0.810202952055,0.));
#1974 = ADVANCED_FACE('',(#1975),#2000,.T.);
#1975 = FACE_BOUND('',#1976,.T.);
#1976 = EDGE_LOOP('',(#1977,#1987,#1993,#1994));
#1977 = ORIENTED_EDGE('',*,*,#1978,.T.);
#1978 = EDGE_CURVE('',#1979,#1981,#1983,.T.);
#1979 = VERTEX_POINT('',#1980);
#1980 = CARTESIAN_POINT('',(41.99582122093,-70.81894985465,5.));
#1981 = VERTEX_POINT('',#1982);
#1982 = CARTESIAN_POINT('',(41.99582122093,-70.81894985465,6.));
#1983 = LINE('',#1984,#1985);
#1984 = CARTESIAN_POINT('',(41.99582122093,-70.81894985465,5.));
#1985 = VECTOR('',#1986,1.);
#1986 = DIRECTION('',(0.,0.,1.));
#1987 = ORIENTED_EDGE('',*,*,#1988,.T.);
#1988 = EDGE_CURVE('',#1981,#1950,#1989,.T.);
#1989 = B_SPLINE_CURVE_WITH_KNOTS('',2,(#1990,#1991,#1992),
  .UNSPECIFIED.,.F.,.F.,(3,3),(0.,1.),.PIECEWISE_BEZIER_KNOTS.);
#1990 = CARTESIAN_POINT('',(41.99582122093,-70.81894985465,6.));
#1991 = CARTESIAN_POINT('',(41.661973110465,-71.33266715116,6.));
#1992 = CARTESIAN_POINT('',(41.518895348837,-71.53433866279,6.));
#1993 = ORIENTED_EDGE('',*,*,#1947,.F.);
#1994 = ORIENTED_EDGE('',*,*,#1995,.F.);
#1995 = EDGE_CURVE('',#1979,#1948,#1996,.T.);
#1996 = B_SPLINE_CURVE_WITH_KNOTS('',2,(#1997,#1998,#1999),
  .UNSPECIFIED.,.F.,.F.,(3,3),(0.,1.),.PIECEWISE_BEZIER_KNOTS.);
#1997 = CARTESIAN_POINT('',(41.99582122093,-70.81894985465,5.));
#1998 = CARTESIAN_POINT('',(41.661973110465,-71.33266715116,5.));
#1999 = CARTESIAN_POINT('',(41.518895348837,-71.53433866279,5.));
#2000 = SURFACE_OF_LINEAR_EXTRUSION('',#2001,#2005);
#2001 = B_SPLINE_CURVE_WITH_KNOTS('',2,(#2002,#2003,#2004),
  .UNSPECIFIED.,.F.,.F.,(3,3),(0.,1.),.PIECEWISE_BEZIER_KNOTS.);
#2002 = CARTESIAN_POINT('',(41.99582122093,-70.81894985465,5.));
#2003 = CARTESIAN_POINT('',(41.661973110465,-71.33266715116,5.));
#2004 = CARTESIAN_POINT('',(41.518895348837,-71.53433866279,5.));
#2005 = VECTOR('',#2006,1.);
#2006 = DIRECTION('',(-0.,-0.,-1.));
#2007 = ADVANCED_FACE('',(#2008),#2033,.T.);
#2008 = FACE_BOUND('',#2009,.T.);
#2009 = EDGE_LOOP('',(#2010,#2020,#2026,#2027));
#2010 = ORIENTED_EDGE('',*,*,#2011,.T.);
#2011 = EDGE_CURVE('',#2012,#2014,#2016,.T.);
#2012 = VERTEX_POINT('',#2013);
#2013 = CARTESIAN_POINT('',(42.431867732558,-71.43804505814,5.));
#2014 = VERTEX_POINT('',#2015);
#2015 = CARTESIAN_POINT('',(42.431867732558,-71.43804505814,6.));
#2016 = LINE('',#2017,#2018);
#2017 = CARTESIAN_POINT('',(42.431867732558,-71.43804505814,5.));
#2018 = VECTOR('',#2019,1.);
#2019 = DIRECTION('',(0.,0.,1.));
#2020 = ORIENTED_EDGE('',*,*,#2021,.T.);
#2021 = EDGE_CURVE('',#2014,#1981,#2022,.T.);
#2022 = B_SPLINE_CURVE_WITH_KNOTS('',2,(#2023,#2024,#2025),
  .UNSPECIFIED.,.F.,.F.,(3,3),(0.,1.),.PIECEWISE_BEZIER_KNOTS.);
#2023 = CARTESIAN_POINT('',(42.431867732558,-71.43804505814,6.));
#2024 = CARTESIAN_POINT('',(42.220657703488,-71.13417514534,6.));
#2025 = CARTESIAN_POINT('',(41.99582122093,-70.81894985465,6.));
#2026 = ORIENTED_EDGE('',*,*,#1978,.F.);
#2027 = ORIENTED_EDGE('',*,*,#2028,.F.);
#2028 = EDGE_CURVE('',#2012,#1979,#2029,.T.);
#2029 = B_SPLINE_CURVE_WITH_KNOTS('',2,(#2030,#2031,#2032),
  .UNSPECIFIED.,.F.,.F.,(3,3),(0.,1.),.PIECEWISE_BEZIER_KNOTS.);
#2030 = CARTESIAN_POINT('',(42.431867732558,-71.43804505814,5.));
#2031 = CARTESIAN_POINT('',(42.220657703488,-71.13417514534,5.));
#2032 = CARTESIAN_POINT('',(41.99582122093,-70.81894985465,5.));
#2033 = SURFACE_OF_LINEAR_EXTRUSION('',#2034,#2038);
#2034 = B_SPLINE_CURVE_WITH_KNOTS('',2,(#2035,#2036,#2037),
  .UNSPECIFIED.,.F.,.F.,(3,3),(0.,1.),.PIECEWISE_BEZIER_KNOTS.);
#2035 = CARTESIAN_POINT('',(42.431867732558,-71.43804505814,5.));
#2036 = CARTESIAN_POINT('',(42.220657703488,-71.13417514534,5.));
#2037 = CARTESIAN_POINT('',(41.99582122093,-70.81894985465,5.));
#2038 = VECTOR('',#2039,1.);
#2039 = DIRECTION('',(-0.,-0.,-1.));
#2040 = ADVANCED_FACE('',(#2041),#2066,.T.);
#2041 = FACE_BOUND('',#2042,.T.);
#2042 = EDGE_LOOP('',(#2043,#2053,#2059,#2060));
#2043 = ORIENTED_EDGE('',*,*,#2044,.T.);
#2044 = EDGE_CURVE('',#2045,#2047,#2049,.T.);
#2045 = VERTEX_POINT('',#2046);
#2046 = CARTESIAN_POINT('',(44.945948401163,-75.,5.));
#2047 = VERTEX_POINT('',#2048);
#2048 = CARTESIAN_POINT('',(44.945948401163,-75.,6.));
#2049 = LINE('',#2050,#2051);
#2050 = CARTESIAN_POINT('',(44.945948401163,-75.,5.));
#2051 = VECTOR('',#2052,1.);
#2052 = DIRECTION('',(0.,0.,1.));
#2053 = ORIENTED_EDGE('',*,*,#2054,.T.);
#2054 = EDGE_CURVE('',#2047,#2014,#2055,.T.);
#2055 = LINE('',#2056,#2057);
#2056 = CARTESIAN_POINT('',(44.945948401163,-75.,6.));
#2057 = VECTOR('',#2058,1.);
#2058 = DIRECTION('',(-0.576646384499,0.81699384774,0.));
#2059 = ORIENTED_EDGE('',*,*,#2011,.F.);
#2060 = ORIENTED_EDGE('',*,*,#2061,.F.);
#2061 = EDGE_CURVE('',#2045,#2012,#2062,.T.);
#2062 = LINE('',#2063,#2064);
#2063 = CARTESIAN_POINT('',(44.945948401163,-75.,5.));
#2064 = VECTOR('',#2065,1.);
#2065 = DIRECTION('',(-0.576646384499,0.81699384774,0.));
#2066 = PLANE('',#2067);
#2067 = AXIS2_PLACEMENT_3D('',#2068,#2069,#2070);
#2068 = CARTESIAN_POINT('',(44.945948401163,-75.,5.));
#2069 = DIRECTION('',(-0.81699384774,-0.576646384499,0.));
#2070 = DIRECTION('',(-0.576646384499,0.81699384774,0.));
#2071 = ADVANCED_FACE('',(#2072),#2097,.T.);
#2072 = FACE_BOUND('',#2073,.T.);
#2073 = EDGE_LOOP('',(#2074,#2084,#2090,#2091));
#2074 = ORIENTED_EDGE('',*,*,#2075,.T.);
#2075 = EDGE_CURVE('',#2076,#2078,#2080,.T.);
#2076 = VERTEX_POINT('',#2077);
#2077 = CARTESIAN_POINT('',(46.581122819767,-75.,5.));
#2078 = VERTEX_POINT('',#2079);
#2079 = CARTESIAN_POINT('',(46.581122819767,-75.,6.));
#2080 = LINE('',#2081,#2082);
#2081 = CARTESIAN_POINT('',(46.581122819767,-75.,5.));
#2082 = VECTOR('',#2083,1.);
#2083 = DIRECTION('',(0.,0.,1.));
#2084 = ORIENTED_EDGE('',*,*,#2085,.T.);
#2085 = EDGE_CURVE('',#2078,#2047,#2086,.T.);
#2086 = LINE('',#2087,#2088);
#2087 = CARTESIAN_POINT('',(46.581122819767,-75.,6.));
#2088 = VECTOR('',#2089,1.);
#2089 = DIRECTION('',(-1.,0.,0.));
#2090 = ORIENTED_EDGE('',*,*,#2044,.F.);
#2091 = ORIENTED_EDGE('',*,*,#2092,.F.);
#2092 = EDGE_CURVE('',#2076,#2045,#2093,.T.);
#2093 = LINE('',#2094,#2095);
#2094 = CARTESIAN_POINT('',(46.581122819767,-75.,5.));
#2095 = VECTOR('',#2096,1.);
#2096 = DIRECTION('',(-1.,0.,0.));
#2097 = PLANE('',#2098);
#2098 = AXIS2_PLACEMENT_3D('',#2099,#2100,#2101);
#2099 = CARTESIAN_POINT('',(46.581122819767,-75.,5.));
#2100 = DIRECTION('',(0.,-1.,0.));
#2101 = DIRECTION('',(-1.,0.,0.));
#2102 = ADVANCED_FACE('',(#2103),#2128,.T.);
#2103 = FACE_BOUND('',#2104,.T.);
#2104 = EDGE_LOOP('',(#2105,#2115,#2121,#2122));
#2105 = ORIENTED_EDGE('',*,*,#2106,.T.);
#2106 = EDGE_CURVE('',#2107,#2109,#2111,.T.);
#2107 = VERTEX_POINT('',#2108);
#2108 = CARTESIAN_POINT('',(42.841115552326,-69.75199854651,5.));
#2109 = VERTEX_POINT('',#2110);
#2110 = CARTESIAN_POINT('',(42.841115552326,-69.75199854651,6.));
#2111 = LINE('',#2112,#2113);
#2112 = CARTESIAN_POINT('',(42.841115552326,-69.75199854651,5.));
#2113 = VECTOR('',#2114,1.);
#2114 = DIRECTION('',(0.,0.,1.));
#2115 = ORIENTED_EDGE('',*,*,#2116,.T.);
#2116 = EDGE_CURVE('',#2109,#2078,#2117,.T.);
#2117 = LINE('',#2118,#2119);
#2118 = CARTESIAN_POINT('',(42.841115552326,-69.75199854651,6.));
#2119 = VECTOR('',#2120,1.);
#2120 = DIRECTION('',(0.580357767615,-0.814361628252,0.));
#2121 = ORIENTED_EDGE('',*,*,#2075,.F.);
#2122 = ORIENTED_EDGE('',*,*,#2123,.F.);
#2123 = EDGE_CURVE('',#2107,#2076,#2124,.T.);
#2124 = LINE('',#2125,#2126);
#2125 = CARTESIAN_POINT('',(42.841115552326,-69.75199854651,5.));
#2126 = VECTOR('',#2127,1.);
#2127 = DIRECTION('',(0.580357767615,-0.814361628252,0.));
#2128 = PLANE('',#2129);
#2129 = AXIS2_PLACEMENT_3D('',#2130,#2131,#2132);
#2130 = CARTESIAN_POINT('',(42.841115552326,-69.75199854651,5.));
#2131 = DIRECTION('',(0.814361628252,0.580357767615,-0.));
#2132 = DIRECTION('',(0.580357767615,-0.814361628252,0.));
#2133 = ADVANCED_FACE('',(#2134),#2159,.T.);
#2134 = FACE_BOUND('',#2135,.T.);
#2135 = EDGE_LOOP('',(#2136,#2146,#2152,#2153));
#2136 = ORIENTED_EDGE('',*,*,#2137,.T.);
#2137 = EDGE_CURVE('',#2138,#2140,#2142,.T.);
#2138 = VERTEX_POINT('',#2139);
#2139 = CARTESIAN_POINT('',(46.30859375,-65.,5.));
#2140 = VERTEX_POINT('',#2141);
#2141 = CARTESIAN_POINT('',(46.30859375,-65.,6.));
#2142 = LINE('',#2143,#2144);
#2143 = CARTESIAN_POINT('',(46.30859375,-65.,5.));
#2144 = VECTOR('',#2145,1.);
#2145 = DIRECTION('',(0.,0.,1.));
#2146 = ORIENTED_EDGE('',*,*,#2147,.T.);
#2147 = EDGE_CURVE('',#2140,#2109,#2148,.T.);
#2148 = LINE('',#2149,#2150);
#2149 = CARTESIAN_POINT('',(46.30859375,-65.,6.));
#2150 = VECTOR('',#2151,1.);
#2151 = DIRECTION('',(-0.589447282263,-0.807806846612,0.));
#2152 = ORIENTED_EDGE('',*,*,#2106,.F.);
#2153 = ORIENTED_EDGE('',*,*,#2154,.F.);
#2154 = EDGE_CURVE('',#2138,#2107,#2155,.T.);
#2155 = LINE('',#2156,#2157);
#2156 = CARTESIAN_POINT('',(46.30859375,-65.,5.));
#2157 = VECTOR('',#2158,1.);
#2158 = DIRECTION('',(-0.589447282263,-0.807806846612,0.));
#2159 = PLANE('',#2160);
#2160 = AXIS2_PLACEMENT_3D('',#2161,#2162,#2163);
#2161 = CARTESIAN_POINT('',(46.30859375,-65.,5.));
#2162 = DIRECTION('',(0.807806846612,-0.589447282263,0.));
#2163 = DIRECTION('',(-0.589447282263,-0.807806846612,0.));
#2164 = ADVANCED_FACE('',(#2165),#2190,.T.);
#2165 = FACE_BOUND('',#2166,.T.);
#2166 = EDGE_LOOP('',(#2167,#2177,#2183,#2184));
#2167 = ORIENTED_EDGE('',*,*,#2168,.T.);
#2168 = EDGE_CURVE('',#2169,#2171,#2173,.T.);
#2169 = VERTEX_POINT('',#2170);
#2170 = CARTESIAN_POINT('',(44.871002906977,-65.,5.));
#2171 = VERTEX_POINT('',#2172);
#2172 = CARTESIAN_POINT('',(44.871002906977,-65.,6.));
#2173 = LINE('',#2174,#2175);
#2174 = CARTESIAN_POINT('',(44.871002906977,-65.,5.));
#2175 = VECTOR('',#2176,1.);
#2176 = DIRECTION('',(0.,0.,1.));
#2177 = ORIENTED_EDGE('',*,*,#2178,.T.);
#2178 = EDGE_CURVE('',#2171,#2140,#2179,.T.);
#2179 = LINE('',#2180,#2181);
#2180 = CARTESIAN_POINT('',(44.871002906977,-65.,6.));
#2181 = VECTOR('',#2182,1.);
#2182 = DIRECTION('',(1.,0.,0.));
#2183 = ORIENTED_EDGE('',*,*,#2137,.F.);
#2184 = ORIENTED_EDGE('',*,*,#2185,.F.);
#2185 = EDGE_CURVE('',#2169,#2138,#2186,.T.);
#2186 = LINE('',#2187,#2188);
#2187 = CARTESIAN_POINT('',(44.871002906977,-65.,5.));
#2188 = VECTOR('',#2189,1.);
#2189 = DIRECTION('',(1.,0.,0.));
#2190 = PLANE('',#2191);
#2191 = AXIS2_PLACEMENT_3D('',#2192,#2193,#2194);
#2192 = CARTESIAN_POINT('',(44.871002906977,-65.,5.));
#2193 = DIRECTION('',(0.,1.,0.));
#2194 = DIRECTION('',(1.,0.,0.));
#2195 = ADVANCED_FACE('',(#2196),#2221,.T.);
#2196 = FACE_BOUND('',#2197,.T.);
#2197 = EDGE_LOOP('',(#2198,#2208,#2214,#2215));
#2198 = ORIENTED_EDGE('',*,*,#2199,.T.);
#2199 = EDGE_CURVE('',#2200,#2202,#2204,.T.);
#2200 = VERTEX_POINT('',#2201);
#2201 = CARTESIAN_POINT('',(42.861101017442,-67.67532703488,5.));
#2202 = VERTEX_POINT('',#2203);
#2203 = CARTESIAN_POINT('',(42.861101017442,-67.67532703488,6.));
#2204 = LINE('',#2205,#2206);
#2205 = CARTESIAN_POINT('',(42.861101017442,-67.67532703488,5.));
#2206 = VECTOR('',#2207,1.);
#2207 = DIRECTION('',(0.,0.,1.));
#2208 = ORIENTED_EDGE('',*,*,#2209,.T.);
#2209 = EDGE_CURVE('',#2202,#2171,#2210,.T.);
#2210 = LINE('',#2211,#2212);
#2211 = CARTESIAN_POINT('',(42.861101017442,-67.67532703488,6.));
#2212 = VECTOR('',#2213,1.);
#2213 = DIRECTION('',(0.600651355017,0.799511069164,0.));
#2214 = ORIENTED_EDGE('',*,*,#2168,.F.);
#2215 = ORIENTED_EDGE('',*,*,#2216,.F.);
#2216 = EDGE_CURVE('',#2200,#2169,#2217,.T.);
#2217 = LINE('',#2218,#2219);
#2218 = CARTESIAN_POINT('',(42.861101017442,-67.67532703488,5.));
#2219 = VECTOR('',#2220,1.);
#2220 = DIRECTION('',(0.600651355017,0.799511069164,0.));
#2221 = PLANE('',#2222);
#2222 = AXIS2_PLACEMENT_3D('',#2223,#2224,#2225);
#2223 = CARTESIAN_POINT('',(42.861101017442,-67.67532703488,5.));
#2224 = DIRECTION('',(-0.799511069164,0.600651355017,0.));
#2225 = DIRECTION('',(0.600651355017,0.799511069164,0.));
#2226 = ADVANCED_FACE('',(#2227),#2252,.T.);
#2227 = FACE_BOUND('',#2228,.T.);
#2228 = EDGE_LOOP('',(#2229,#2239,#2245,#2246));
#2229 = ORIENTED_EDGE('',*,*,#2230,.T.);
#2230 = EDGE_CURVE('',#2231,#2233,#2235,.T.);
#2231 = VERTEX_POINT('',#2232);
#2232 = CARTESIAN_POINT('',(42.070766715116,-68.77634447674,5.));
#2233 = VERTEX_POINT('',#2234);
#2234 = CARTESIAN_POINT('',(42.070766715116,-68.77634447674,6.));
#2235 = LINE('',#2236,#2237);
#2236 = CARTESIAN_POINT('',(42.070766715116,-68.77634447674,5.));
#2237 = VECTOR('',#2238,1.);
#2238 = DIRECTION('',(0.,0.,1.));
#2239 = ORIENTED_EDGE('',*,*,#2240,.T.);
#2240 = EDGE_CURVE('',#2233,#2202,#2241,.T.);
#2241 = B_SPLINE_CURVE_WITH_KNOTS('',2,(#2242,#2243,#2244),
  .UNSPECIFIED.,.F.,.F.,(3,3),(0.,1.),.PIECEWISE_BEZIER_KNOTS.);
#2242 = CARTESIAN_POINT('',(42.070766715116,-68.77634447674,6.));
#2243 = CARTESIAN_POINT('',(42.404614825581,-68.27534520348,6.));
#2244 = CARTESIAN_POINT('',(42.861101017442,-67.67532703488,6.));
#2245 = ORIENTED_EDGE('',*,*,#2199,.F.);
#2246 = ORIENTED_EDGE('',*,*,#2247,.F.);
#2247 = EDGE_CURVE('',#2231,#2200,#2248,.T.);
#2248 = B_SPLINE_CURVE_WITH_KNOTS('',2,(#2249,#2250,#2251),
  .UNSPECIFIED.,.F.,.F.,(3,3),(0.,1.),.PIECEWISE_BEZIER_KNOTS.);
#2249 = CARTESIAN_POINT('',(42.070766715116,-68.77634447674,5.));
#2250 = CARTESIAN_POINT('',(42.404614825581,-68.27534520348,5.));
#2251 = CARTESIAN_POINT('',(42.861101017442,-67.67532703488,5.));
#2252 = SURFACE_OF_LINEAR_EXTRUSION('',#2253,#2257);
#2253 = B_SPLINE_CURVE_WITH_KNOTS('',2,(#2254,#2255,#2256),
  .UNSPECIFIED.,.F.,.F.,(3,3),(0.,1.),.PIECEWISE_BEZIER_KNOTS.);
#2254 = CARTESIAN_POINT('',(42.070766715116,-68.77634447674,5.));
#2255 = CARTESIAN_POINT('',(42.404614825581,-68.27534520348,5.));
#2256 = CARTESIAN_POINT('',(42.861101017442,-67.67532703488,5.));
#2257 = VECTOR('',#2258,1.);
#2258 = DIRECTION('',(-0.,-0.,-1.));
#2259 = ADVANCED_FACE('',(#2260),#2285,.T.);
#2260 = FACE_BOUND('',#2261,.T.);
#2261 = EDGE_LOOP('',(#2262,#2272,#2278,#2279));
#2262 = ORIENTED_EDGE('',*,*,#2263,.T.);
#2263 = EDGE_CURVE('',#2264,#2266,#2268,.T.);
#2264 = VERTEX_POINT('',#2265);
#2265 = CARTESIAN_POINT('',(41.266805959302,-67.56313590116,5.));
#2266 = VERTEX_POINT('',#2267);
#2267 = CARTESIAN_POINT('',(41.266805959302,-67.56313590116,6.));
#2268 = LINE('',#2269,#2270);
#2269 = CARTESIAN_POINT('',(41.266805959302,-67.56313590116,5.));
#2270 = VECTOR('',#2271,1.);
#2271 = DIRECTION('',(0.,0.,1.));
#2272 = ORIENTED_EDGE('',*,*,#2273,.T.);
#2273 = EDGE_CURVE('',#2266,#2233,#2274,.T.);
#2274 = B_SPLINE_CURVE_WITH_KNOTS('',2,(#2275,#2276,#2277),
  .UNSPECIFIED.,.F.,.F.,(3,3),(0.,1.),.PIECEWISE_BEZIER_KNOTS.);
#2275 = CARTESIAN_POINT('',(41.266805959302,-67.56313590116,6.));
#2276 = CARTESIAN_POINT('',(41.83230377907,-68.35892078488,6.));
#2277 = CARTESIAN_POINT('',(42.070766715116,-68.77634447674,6.));
#2278 = ORIENTED_EDGE('',*,*,#2230,.F.);
#2279 = ORIENTED_EDGE('',*,*,#2280,.F.);
#2280 = EDGE_CURVE('',#2264,#2231,#2281,.T.);
#2281 = B_SPLINE_CURVE_WITH_KNOTS('',2,(#2282,#2283,#2284),
  .UNSPECIFIED.,.F.,.F.,(3,3),(0.,1.),.PIECEWISE_BEZIER_KNOTS.);
#2282 = CARTESIAN_POINT('',(41.266805959302,-67.56313590116,5.));
#2283 = CARTESIAN_POINT('',(41.83230377907,-68.35892078488,5.));
#2284 = CARTESIAN_POINT('',(42.070766715116,-68.77634447674,5.));
#2285 = SURFACE_OF_LINEAR_EXTRUSION('',#2286,#2290);
#2286 = B_SPLINE_CURVE_WITH_KNOTS('',2,(#2287,#2288,#2289),
  .UNSPECIFIED.,.F.,.F.,(3,3),(0.,1.),.PIECEWISE_BEZIER_KNOTS.);
#2287 = CARTESIAN_POINT('',(41.266805959302,-67.56313590116,5.));
#2288 = CARTESIAN_POINT('',(41.83230377907,-68.35892078488,5.));
#2289 = CARTESIAN_POINT('',(42.070766715116,-68.77634447674,5.));
#2290 = VECTOR('',#2291,1.);
#2291 = DIRECTION('',(-0.,-0.,-1.));
#2292 = ADVANCED_FACE('',(#2293),#2318,.T.);
#2293 = FACE_BOUND('',#2294,.T.);
#2294 = EDGE_LOOP('',(#2295,#2305,#2311,#2312));
#2295 = ORIENTED_EDGE('',*,*,#2296,.T.);
#2296 = EDGE_CURVE('',#2297,#2299,#2301,.T.);
#2297 = VERTEX_POINT('',#2298);
#2298 = CARTESIAN_POINT('',(39.454487645349,-65.,5.));
#2299 = VERTEX_POINT('',#2300);
#2300 = CARTESIAN_POINT('',(39.454487645349,-65.,6.));
#2301 = LINE('',#2302,#2303);
#2302 = CARTESIAN_POINT('',(39.454487645349,-65.,5.));
#2303 = VECTOR('',#2304,1.);
#2304 = DIRECTION('',(0.,0.,1.));
#2305 = ORIENTED_EDGE('',*,*,#2306,.T.);
#2306 = EDGE_CURVE('',#2299,#2266,#2307,.T.);
#2307 = LINE('',#2308,#2309);
#2308 = CARTESIAN_POINT('',(39.454487645349,-65.,6.));
#2309 = VECTOR('',#2310,1.);
#2310 = DIRECTION('',(0.577330632427,-0.816510465861,0.));
#2311 = ORIENTED_EDGE('',*,*,#2263,.F.);
#2312 = ORIENTED_EDGE('',*,*,#2313,.F.);
#2313 = EDGE_CURVE('',#2297,#2264,#2314,.T.);
#2314 = LINE('',#2315,#2316);
#2315 = CARTESIAN_POINT('',(39.454487645349,-65.,5.));
#2316 = VECTOR('',#2317,1.);
#2317 = DIRECTION('',(0.577330632427,-0.816510465861,0.));
#2318 = PLANE('',#2319);
#2319 = AXIS2_PLACEMENT_3D('',#2320,#2321,#2322);
#2320 = CARTESIAN_POINT('',(39.454487645349,-65.,5.));
#2321 = DIRECTION('',(0.816510465861,0.577330632427,-0.));
#2322 = DIRECTION('',(0.577330632427,-0.816510465861,0.));
#2323 = ADVANCED_FACE('',(#2324),#2349,.T.);
#2324 = FACE_BOUND('',#2325,.T.);
#2325 = EDGE_LOOP('',(#2326,#2336,#2342,#2343));
#2326 = ORIENTED_EDGE('',*,*,#2327,.T.);
#2327 = EDGE_CURVE('',#2328,#2330,#2332,.T.);
#2328 = VERTEX_POINT('',#2329);
#2329 = CARTESIAN_POINT('',(37.880632267442,-65.,5.));
#2330 = VERTEX_POINT('',#2331);
#2331 = CARTESIAN_POINT('',(37.880632267442,-65.,6.));
#2332 = LINE('',#2333,#2334);
#2333 = CARTESIAN_POINT('',(37.880632267442,-65.,5.));
#2334 = VECTOR('',#2335,1.);
#2335 = DIRECTION('',(0.,0.,1.));
#2336 = ORIENTED_EDGE('',*,*,#2337,.T.);
#2337 = EDGE_CURVE('',#2330,#2299,#2338,.T.);
#2338 = LINE('',#2339,#2340);
#2339 = CARTESIAN_POINT('',(37.880632267442,-65.,6.));
#2340 = VECTOR('',#2341,1.);
#2341 = DIRECTION('',(1.,0.,0.));
#2342 = ORIENTED_EDGE('',*,*,#2296,.F.);
#2343 = ORIENTED_EDGE('',*,*,#2344,.F.);
#2344 = EDGE_CURVE('',#2328,#2297,#2345,.T.);
#2345 = LINE('',#2346,#2347);
#2346 = CARTESIAN_POINT('',(37.880632267442,-65.,5.));
#2347 = VECTOR('',#2348,1.);
#2348 = DIRECTION('',(1.,0.,0.));
#2349 = PLANE('',#2350);
#2350 = AXIS2_PLACEMENT_3D('',#2351,#2352,#2353);
#2351 = CARTESIAN_POINT('',(37.880632267442,-65.,5.));
#2352 = DIRECTION('',(0.,1.,0.));
#2353 = DIRECTION('',(1.,0.,0.));
#2354 = ADVANCED_FACE('',(#2355),#2371,.T.);
#2355 = FACE_BOUND('',#2356,.T.);
#2356 = EDGE_LOOP('',(#2357,#2358,#2364,#2365));
#2357 = ORIENTED_EDGE('',*,*,#1894,.T.);
#2358 = ORIENTED_EDGE('',*,*,#2359,.T.);
#2359 = EDGE_CURVE('',#1887,#2330,#2360,.T.);
#2360 = LINE('',#2361,#2362);
#2361 = CARTESIAN_POINT('',(41.284066133721,-69.81695130814,6.));
#2362 = VECTOR('',#2363,1.);
#2363 = DIRECTION('',(-0.577048990018,0.816709534118,0.));
#2364 = ORIENTED_EDGE('',*,*,#2327,.F.);
#2365 = ORIENTED_EDGE('',*,*,#2366,.F.);
#2366 = EDGE_CURVE('',#1895,#2328,#2367,.T.);
#2367 = LINE('',#2368,#2369);
#2368 = CARTESIAN_POINT('',(41.284066133721,-69.81695130814,5.));
#2369 = VECTOR('',#2370,1.);
#2370 = DIRECTION('',(-0.577048990018,0.816709534118,0.));
#2371 = PLANE('',#2372);
#2372 = AXIS2_PLACEMENT_3D('',#2373,#2374,#2375);
#2373 = CARTESIAN_POINT('',(41.284066133721,-69.81695130814,5.));
#2374 = DIRECTION('',(-0.816709534118,-0.577048990018,0.));
#2375 = DIRECTION('',(-0.577048990018,0.816709534118,0.));
#2376 = ADVANCED_FACE('',(#2377),#2395,.F.);
#2377 = FACE_BOUND('',#2378,.F.);
#2378 = EDGE_LOOP('',(#2379,#2380,#2381,#2382,#2383,#2384,#2385,#2386,
    #2387,#2388,#2389,#2390,#2391,#2392,#2393,#2394));
#2379 = ORIENTED_EDGE('',*,*,#1902,.F.);
#2380 = ORIENTED_EDGE('',*,*,#1933,.F.);
#2381 = ORIENTED_EDGE('',*,*,#1964,.F.);
#2382 = ORIENTED_EDGE('',*,*,#1995,.F.);
#2383 = ORIENTED_EDGE('',*,*,#2028,.F.);
#2384 = ORIENTED_EDGE('',*,*,#2061,.F.);
#2385 = ORIENTED_EDGE('',*,*,#2092,.F.);
#2386 = ORIENTED_EDGE('',*,*,#2123,.F.);
#2387 = ORIENTED_EDGE('',*,*,#2154,.F.);
#2388 = ORIENTED_EDGE('',*,*,#2185,.F.);
#2389 = ORIENTED_EDGE('',*,*,#2216,.F.);
#2390 = ORIENTED_EDGE('',*,*,#2247,.F.);
#2391 = ORIENTED_EDGE('',*,*,#2280,.F.);
#2392 = ORIENTED_EDGE('',*,*,#2313,.F.);
#2393 = ORIENTED_EDGE('',*,*,#2344,.F.);
#2394 = ORIENTED_EDGE('',*,*,#2366,.F.);
#2395 = PLANE('',#2396);
#2396 = AXIS2_PLACEMENT_3D('',#2397,#2398,#2399);
#2397 = CARTESIAN_POINT('',(42.04903776425,-70.04122851549,5.));
#2398 = DIRECTION('',(0.,0.,1.));
#2399 = DIRECTION('',(1.,0.,0.));
#2400 = ADVANCED_FACE('',(#2401),#2419,.T.);
#2401 = FACE_BOUND('',#2402,.T.);
#2402 = EDGE_LOOP('',(#2403,#2404,#2405,#2406,#2407,#2408,#2409,#2410,
    #2411,#2412,#2413,#2414,#2415,#2416,#2417,#2418));
#2403 = ORIENTED_EDGE('',*,*,#1886,.F.);
#2404 = ORIENTED_EDGE('',*,*,#1926,.F.);
#2405 = ORIENTED_EDGE('',*,*,#1957,.F.);
#2406 = ORIENTED_EDGE('',*,*,#1988,.F.);
#2407 = ORIENTED_EDGE('',*,*,#2021,.F.);
#2408 = ORIENTED_EDGE('',*,*,#2054,.F.);
#2409 = ORIENTED_EDGE('',*,*,#2085,.F.);
#2410 = ORIENTED_EDGE('',*,*,#2116,.F.);
#2411 = ORIENTED_EDGE('',*,*,#2147,.F.);
#2412 = ORIENTED_EDGE('',*,*,#2178,.F.);
#2413 = ORIENTED_EDGE('',*,*,#2209,.F.);
#2414 = ORIENTED_EDGE('',*,*,#2240,.F.);
#2415 = ORIENTED_EDGE('',*,*,#2273,.F.);
#2416 = ORIENTED_EDGE('',*,*,#2306,.F.);
#2417 = ORIENTED_EDGE('',*,*,#2337,.F.);
#2418 = ORIENTED_EDGE('',*,*,#2359,.F.);
#2419 = PLANE('',#2420);
#2420 = AXIS2_PLACEMENT_3D('',#2421,#2422,#2423);
#2421 = CARTESIAN_POINT('',(42.04903776425,-70.04122851549,6.));
#2422 = DIRECTION('',(0.,0.,1.));
#2423 = DIRECTION('',(1.,0.,0.));
#2424 = ( GEOMETRIC_REPRESENTATION_CONTEXT(3) 
GLOBAL_UNCERTAINTY_ASSIGNED_CONTEXT((#2428)) 
GLOBAL_UNIT_ASSIGNED_CONTEXT((#2425,#2426,#2427)) REPRESENTATION_CONTEXT
('Context #1','3D Context with UNIT and UNCERTAINTY') );
#2425 = ( LENGTH_UNIT() NAMED_UNIT(*) SI_UNIT(.MILLI.,.METRE.) );
#2426 = ( NAMED_UNIT(*) PLANE_ANGLE_UNIT() SI_UNIT($,.RADIAN.) );
#2427 = ( NAMED_UNIT(*) SI_UNIT($,.STERADIAN.) SOLID_ANGLE_UNIT() );
#2428 = UNCERTAINTY_MEASURE_WITH_UNIT(LENGTH_MEASURE(1.E-07),#2425,
  'distance_accuracy_value','confusion accuracy');
#2429 = CONTEXT_DEPENDENT_SHAPE_REPRESENTATION(#2430,#2432);
#2430 = ( REPRESENTATION_RELATIONSHIP('','',#1869,#10) 
REPRESENTATION_RELATIONSHIP_WITH_TRANSFORMATION(#2431) 
SHAPE_REPRESENTATION_RELATIONSHIP() );
#2431 = ITEM_DEFINED_TRANSFORMATION('','',#11,#31);
#2432 = PRODUCT_DEFINITION_SHAPE('Placement','Placement of an item',
  #2433);
#2433 = NEXT_ASSEMBLY_USAGE_OCCURRENCE('12','=>[0:1:1:5]','',#5,#1864,$
  );
#2434 = PRODUCT_RELATED_PRODUCT_CATEGORY('part',$,(#1866));
#2435 = SHAPE_DEFINITION_REPRESENTATION(#2436,#2442);
#2436 = PRODUCT_DEFINITION_SHAPE('','',#2437);
#2437 = PRODUCT_DEFINITION('design','',#2438,#2441);
#2438 = PRODUCT_DEFINITION_FORMATION('','',#2439);
#2439 = PRODUCT('Face001','Face001','',(#2440));
#2440 = PRODUCT_CONTEXT('',#2,'mechanical');
#2441 = PRODUCT_DEFINITION_CONTEXT('part definition',#2,'design');
#2442 = MANIFOLD_SURFACE_SHAPE_REPRESENTATION('',(#11,#2443),#2549);
#2443 = SHELL_BASED_SURFACE_MODEL('',(#2444));
#2444 = OPEN_SHELL('',(#2445));
#2445 = ADVANCED_FACE('',(#2446),#2544,.T.);
#2446 = FACE_BOUND('',#2447,.T.);
#2447 = EDGE_LOOP('',(#2448,#2458,#2466,#2474,#2482,#2490,#2498,#2506,
    #2514,#2522,#2530,#2538));
#2448 = ORIENTED_EDGE('',*,*,#2449,.F.);
#2449 = EDGE_CURVE('',#2450,#2452,#2454,.T.);
#2450 = VERTEX_POINT('',#2451);
#2451 = CARTESIAN_POINT('',(3.495185319767,1.627906976744,0.));
#2452 = VERTEX_POINT('',#2453);
#2453 = CARTESIAN_POINT('',(3.495185319767,4.360465116279,0.));
#2454 = LINE('',#2455,#2456);
#2455 = CARTESIAN_POINT('',(3.495185319767,1.627906976744,0.));
#2456 = VECTOR('',#2457,1.);
#2457 = DIRECTION('',(0.,1.,0.));
#2458 = ORIENTED_EDGE('',*,*,#2459,.F.);
#2459 = EDGE_CURVE('',#2460,#2450,#2462,.T.);
#2460 = VERTEX_POINT('',#2461);
#2461 = CARTESIAN_POINT('',(4.653433866279,1.627906976744,0.));
#2462 = LINE('',#2463,#2464);
#2463 = CARTESIAN_POINT('',(4.653433866279,1.627906976744,0.));
#2464 = VECTOR('',#2465,1.);
#2465 = DIRECTION('',(-1.,0.,0.));
#2466 = ORIENTED_EDGE('',*,*,#2467,.F.);
#2467 = EDGE_CURVE('',#2468,#2460,#2470,.T.);
#2468 = VERTEX_POINT('',#2469);
#2469 = CARTESIAN_POINT('',(4.653433866279,4.360465116279,0.));
#2470 = LINE('',#2471,#2472);
#2471 = CARTESIAN_POINT('',(4.653433866279,4.360465116279,0.));
#2472 = VECTOR('',#2473,1.);
#2473 = DIRECTION('',(0.,-1.,-0.));
#2474 = ORIENTED_EDGE('',*,*,#2475,.F.);
#2475 = EDGE_CURVE('',#2476,#2468,#2478,.T.);
#2476 = VERTEX_POINT('',#2477);
#2477 = CARTESIAN_POINT('',(7.371911337209,4.360465116279,0.));
#2478 = LINE('',#2479,#2480);
#2479 = CARTESIAN_POINT('',(7.371911337209,4.360465116279,0.));
#2480 = VECTOR('',#2481,1.);
#2481 = DIRECTION('',(-1.,0.,0.));
#2482 = ORIENTED_EDGE('',*,*,#2483,.F.);
#2483 = EDGE_CURVE('',#2484,#2476,#2486,.T.);
#2484 = VERTEX_POINT('',#2485);
#2485 = CARTESIAN_POINT('',(7.371911337209,5.494186046512,0.));
#2486 = LINE('',#2487,#2488);
#2487 = CARTESIAN_POINT('',(7.371911337209,5.494186046512,0.));
#2488 = VECTOR('',#2489,1.);
#2489 = DIRECTION('',(0.,-1.,-0.));
#2490 = ORIENTED_EDGE('',*,*,#2491,.F.);
#2491 = EDGE_CURVE('',#2492,#2484,#2494,.T.);
#2492 = VERTEX_POINT('',#2493);
#2493 = CARTESIAN_POINT('',(4.653433866279,5.494186046512,0.));
#2494 = LINE('',#2495,#2496);
#2495 = CARTESIAN_POINT('',(4.653433866279,5.494186046512,0.));
#2496 = VECTOR('',#2497,1.);
#2497 = DIRECTION('',(1.,0.,0.));
#2498 = ORIENTED_EDGE('',*,*,#2499,.F.);
#2499 = EDGE_CURVE('',#2500,#2492,#2502,.T.);
#2500 = VERTEX_POINT('',#2501);
#2501 = CARTESIAN_POINT('',(4.653433866279,8.226744186047,0.));
#2502 = LINE('',#2503,#2504);
#2503 = CARTESIAN_POINT('',(4.653433866279,8.226744186047,0.));
#2504 = VECTOR('',#2505,1.);
#2505 = DIRECTION('',(0.,-1.,-0.));
#2506 = ORIENTED_EDGE('',*,*,#2507,.F.);
#2507 = EDGE_CURVE('',#2508,#2500,#2510,.T.);
#2508 = VERTEX_POINT('',#2509);
#2509 = CARTESIAN_POINT('',(3.495185319767,8.226744186047,0.));
#2510 = LINE('',#2511,#2512);
#2511 = CARTESIAN_POINT('',(3.495185319767,8.226744186047,0.));
#2512 = VECTOR('',#2513,1.);
#2513 = DIRECTION('',(1.,0.,0.));
#2514 = ORIENTED_EDGE('',*,*,#2515,.F.);
#2515 = EDGE_CURVE('',#2516,#2508,#2518,.T.);
#2516 = VERTEX_POINT('',#2517);
#2517 = CARTESIAN_POINT('',(3.495185319767,5.494186046512,0.));
#2518 = LINE('',#2519,#2520);
#2519 = CARTESIAN_POINT('',(3.495185319767,5.494186046512,0.));
#2520 = VECTOR('',#2521,1.);
#2521 = DIRECTION('',(0.,1.,0.));
#2522 = ORIENTED_EDGE('',*,*,#2523,.F.);
#2523 = EDGE_CURVE('',#2524,#2516,#2526,.T.);
#2524 = VERTEX_POINT('',#2525);
#2525 = CARTESIAN_POINT('',(0.776707848837,5.494186046512,0.));
#2526 = LINE('',#2527,#2528);
#2527 = CARTESIAN_POINT('',(0.776707848837,5.494186046512,0.));
#2528 = VECTOR('',#2529,1.);
#2529 = DIRECTION('',(1.,0.,0.));
#2530 = ORIENTED_EDGE('',*,*,#2531,.F.);
#2531 = EDGE_CURVE('',#2532,#2524,#2534,.T.);
#2532 = VERTEX_POINT('',#2533);
#2533 = CARTESIAN_POINT('',(0.776707848837,4.360465116279,0.));
#2534 = LINE('',#2535,#2536);
#2535 = CARTESIAN_POINT('',(0.776707848837,4.360465116279,0.));
#2536 = VECTOR('',#2537,1.);
#2537 = DIRECTION('',(0.,1.,0.));
#2538 = ORIENTED_EDGE('',*,*,#2539,.F.);
#2539 = EDGE_CURVE('',#2452,#2532,#2540,.T.);
#2540 = LINE('',#2541,#2542);
#2541 = CARTESIAN_POINT('',(3.495185319767,4.360465116279,0.));
#2542 = VECTOR('',#2543,1.);
#2543 = DIRECTION('',(-1.,0.,0.));
#2544 = PLANE('',#2545);
#2545 = AXIS2_PLACEMENT_3D('',#2546,#2547,#2548);
#2546 = CARTESIAN_POINT('',(4.074309593023,4.927325581395,0.));
#2547 = DIRECTION('',(0.,0.,1.));
#2548 = DIRECTION('',(1.,0.,-0.));
#2549 = ( GEOMETRIC_REPRESENTATION_CONTEXT(3) 
GLOBAL_UNCERTAINTY_ASSIGNED_CONTEXT((#2553)) 
GLOBAL_UNIT_ASSIGNED_CONTEXT((#2550,#2551,#2552)) REPRESENTATION_CONTEXT
('Context #1','3D Context with UNIT and UNCERTAINTY') );
#2550 = ( LENGTH_UNIT() NAMED_UNIT(*) SI_UNIT(.MILLI.,.METRE.) );
#2551 = ( NAMED_UNIT(*) PLANE_ANGLE_UNIT() SI_UNIT($,.RADIAN.) );
#2552 = ( NAMED_UNIT(*) SI_UNIT($,.STERADIAN.) SOLID_ANGLE_UNIT() );
#2553 = UNCERTAINTY_MEASURE_WITH_UNIT(LENGTH_MEASURE(1.E-07),#2550,
  'distance_accuracy_value','confusion accuracy');
#2554 = CONTEXT_DEPENDENT_SHAPE_REPRESENTATION(#2555,#2557);
#2555 = ( REPRESENTATION_RELATIONSHIP('','',#2442,#10) 
REPRESENTATION_RELATIONSHIP_WITH_TRANSFORMATION(#2556) 
SHAPE_REPRESENTATION_RELATIONSHIP() );
#2556 = ITEM_DEFINED_TRANSFORMATION('','',#11,#35);
#2557 = PRODUCT_DEFINITION_SHAPE('Placement','Placement of an item',
  #2558);
#2558 = NEXT_ASSEMBLY_USAGE_OCCURRENCE('13','=>[0:1:1:6]','',#5,#2437,$
  );
#2559 = PRODUCT_RELATED_PRODUCT_CATEGORY('part',$,(#2439));
#2560 = SHAPE_DEFINITION_REPRESENTATION(#2561,#2567);
#2561 = PRODUCT_DEFINITION_SHAPE('','',#2562);
#2562 = PRODUCT_DEFINITION('design','',#2563,#2566);
#2563 = PRODUCT_DEFINITION_FORMATION('','',#2564);
#2564 = PRODUCT('+X','+X','',(#2565));
#2565 = PRODUCT_CONTEXT('',#2,'mechanical');
#2566 = PRODUCT_DEFINITION_CONTEXT('part definition',#2,'design');
#2567 = ADVANCED_BREP_SHAPE_REPRESENTATION('',(#11,#2568),#2982);
#2568 = MANIFOLD_SOLID_BREP('',#2569);
#2569 = CLOSED_SHELL('',(#2570,#2610,#2641,#2672,#2703,#2734,#2765,#2796
    ,#2827,#2858,#2889,#2920,#2942,#2962));
#2570 = ADVANCED_FACE('',(#2571),#2605,.T.);
#2571 = FACE_BOUND('',#2572,.T.);
#2572 = EDGE_LOOP('',(#2573,#2583,#2591,#2599));
#2573 = ORIENTED_EDGE('',*,*,#2574,.T.);
#2574 = EDGE_CURVE('',#2575,#2577,#2579,.T.);
#2575 = VERTEX_POINT('',#2576);
#2576 = CARTESIAN_POINT('',(32.71847747093,-73.37209302325,5.));
#2577 = VERTEX_POINT('',#2578);
#2578 = CARTESIAN_POINT('',(32.71847747093,-73.37209302325,6.));
#2579 = LINE('',#2580,#2581);
#2580 = CARTESIAN_POINT('',(32.71847747093,-73.37209302325,5.));
#2581 = VECTOR('',#2582,1.);
#2582 = DIRECTION('',(0.,0.,1.));
#2583 = ORIENTED_EDGE('',*,*,#2584,.T.);
#2584 = EDGE_CURVE('',#2577,#2585,#2587,.T.);
#2585 = VERTEX_POINT('',#2586);
#2586 = CARTESIAN_POINT('',(32.71847747093,-70.63953488372,6.));
#2587 = LINE('',#2588,#2589);
#2588 = CARTESIAN_POINT('',(32.71847747093,-73.37209302325,6.));
#2589 = VECTOR('',#2590,1.);
#2590 = DIRECTION('',(0.,1.,0.));
#2591 = ORIENTED_EDGE('',*,*,#2592,.F.);
#2592 = EDGE_CURVE('',#2593,#2585,#2595,.T.);
#2593 = VERTEX_POINT('',#2594);
#2594 = CARTESIAN_POINT('',(32.71847747093,-70.63953488372,5.));
#2595 = LINE('',#2596,#2597);
#2596 = CARTESIAN_POINT('',(32.71847747093,-70.63953488372,5.));
#2597 = VECTOR('',#2598,1.);
#2598 = DIRECTION('',(0.,0.,1.));
#2599 = ORIENTED_EDGE('',*,*,#2600,.F.);
#2600 = EDGE_CURVE('',#2575,#2593,#2601,.T.);
#2601 = LINE('',#2602,#2603);
#2602 = CARTESIAN_POINT('',(32.71847747093,-73.37209302325,5.));
#2603 = VECTOR('',#2604,1.);
#2604 = DIRECTION('',(0.,1.,0.));
#2605 = PLANE('',#2606);
#2606 = AXIS2_PLACEMENT_3D('',#2607,#2608,#2609);
#2607 = CARTESIAN_POINT('',(32.71847747093,-73.37209302325,5.));
#2608 = DIRECTION('',(-1.,0.,0.));
#2609 = DIRECTION('',(0.,1.,0.));
#2610 = ADVANCED_FACE('',(#2611),#2636,.T.);
#2611 = FACE_BOUND('',#2612,.T.);
#2612 = EDGE_LOOP('',(#2613,#2623,#2629,#2630));
#2613 = ORIENTED_EDGE('',*,*,#2614,.T.);
#2614 = EDGE_CURVE('',#2615,#2617,#2619,.T.);
#2615 = VERTEX_POINT('',#2616);
#2616 = CARTESIAN_POINT('',(33.876726017442,-73.37209302325,5.));
#2617 = VERTEX_POINT('',#2618);
#2618 = CARTESIAN_POINT('',(33.876726017442,-73.37209302325,6.));
#2619 = LINE('',#2620,#2621);
#2620 = CARTESIAN_POINT('',(33.876726017442,-73.37209302325,5.));
#2621 = VECTOR('',#2622,1.);
#2622 = DIRECTION('',(0.,0.,1.));
#2623 = ORIENTED_EDGE('',*,*,#2624,.T.);
#2624 = EDGE_CURVE('',#2617,#2577,#2625,.T.);
#2625 = LINE('',#2626,#2627);
#2626 = CARTESIAN_POINT('',(33.876726017442,-73.37209302325,6.));
#2627 = VECTOR('',#2628,1.);
#2628 = DIRECTION('',(-1.,0.,0.));
#2629 = ORIENTED_EDGE('',*,*,#2574,.F.);
#2630 = ORIENTED_EDGE('',*,*,#2631,.F.);
#2631 = EDGE_CURVE('',#2615,#2575,#2632,.T.);
#2632 = LINE('',#2633,#2634);
#2633 = CARTESIAN_POINT('',(33.876726017442,-73.37209302325,5.));
#2634 = VECTOR('',#2635,1.);
#2635 = DIRECTION('',(-1.,0.,0.));
#2636 = PLANE('',#2637);
#2637 = AXIS2_PLACEMENT_3D('',#2638,#2639,#2640);
#2638 = CARTESIAN_POINT('',(33.876726017442,-73.37209302325,5.));
#2639 = DIRECTION('',(0.,-1.,0.));
#2640 = DIRECTION('',(-1.,0.,0.));
#2641 = ADVANCED_FACE('',(#2642),#2667,.T.);
#2642 = FACE_BOUND('',#2643,.T.);
#2643 = EDGE_LOOP('',(#2644,#2654,#2660,#2661));
#2644 = ORIENTED_EDGE('',*,*,#2645,.T.);
#2645 = EDGE_CURVE('',#2646,#2648,#2650,.T.);
#2646 = VERTEX_POINT('',#2647);
#2647 = CARTESIAN_POINT('',(33.876726017442,-70.63953488372,5.));
#2648 = VERTEX_POINT('',#2649);
#2649 = CARTESIAN_POINT('',(33.876726017442,-70.63953488372,6.));
#2650 = LINE('',#2651,#2652);
#2651 = CARTESIAN_POINT('',(33.876726017442,-70.63953488372,5.));
#2652 = VECTOR('',#2653,1.);
#2653 = DIRECTION('',(0.,0.,1.));
#2654 = ORIENTED_EDGE('',*,*,#2655,.T.);
#2655 = EDGE_CURVE('',#2648,#2617,#2656,.T.);
#2656 = LINE('',#2657,#2658);
#2657 = CARTESIAN_POINT('',(33.876726017442,-70.63953488372,6.));
#2658 = VECTOR('',#2659,1.);
#2659 = DIRECTION('',(0.,-1.,0.));
#2660 = ORIENTED_EDGE('',*,*,#2614,.F.);
#2661 = ORIENTED_EDGE('',*,*,#2662,.F.);
#2662 = EDGE_CURVE('',#2646,#2615,#2663,.T.);
#2663 = LINE('',#2664,#2665);
#2664 = CARTESIAN_POINT('',(33.876726017442,-70.63953488372,5.));
#2665 = VECTOR('',#2666,1.);
#2666 = DIRECTION('',(0.,-1.,0.));
#2667 = PLANE('',#2668);
#2668 = AXIS2_PLACEMENT_3D('',#2669,#2670,#2671);
#2669 = CARTESIAN_POINT('',(33.876726017442,-70.63953488372,5.));
#2670 = DIRECTION('',(1.,0.,-0.));
#2671 = DIRECTION('',(0.,-1.,0.));
#2672 = ADVANCED_FACE('',(#2673),#2698,.T.);
#2673 = FACE_BOUND('',#2674,.T.);
#2674 = EDGE_LOOP('',(#2675,#2685,#2691,#2692));
#2675 = ORIENTED_EDGE('',*,*,#2676,.T.);
#2676 = EDGE_CURVE('',#2677,#2679,#2681,.T.);
#2677 = VERTEX_POINT('',#2678);
#2678 = CARTESIAN_POINT('',(36.595203488372,-70.63953488372,5.));
#2679 = VERTEX_POINT('',#2680);
#2680 = CARTESIAN_POINT('',(36.595203488372,-70.63953488372,6.));
#2681 = LINE('',#2682,#2683);
#2682 = CARTESIAN_POINT('',(36.595203488372,-70.63953488372,5.));
#2683 = VECTOR('',#2684,1.);
#2684 = DIRECTION('',(0.,0.,1.));
#2685 = ORIENTED_EDGE('',*,*,#2686,.T.);
#2686 = EDGE_CURVE('',#2679,#2648,#2687,.T.);
#2687 = LINE('',#2688,#2689);
#2688 = CARTESIAN_POINT('',(36.595203488372,-70.63953488372,6.));
#2689 = VECTOR('',#2690,1.);
#2690 = DIRECTION('',(-1.,0.,0.));
#2691 = ORIENTED_EDGE('',*,*,#2645,.F.);
#2692 = ORIENTED_EDGE('',*,*,#2693,.F.);
#2693 = EDGE_CURVE('',#2677,#2646,#2694,.T.);
#2694 = LINE('',#2695,#2696);
#2695 = CARTESIAN_POINT('',(36.595203488372,-70.63953488372,5.));
#2696 = VECTOR('',#2697,1.);
#2697 = DIRECTION('',(-1.,0.,0.));
#2698 = PLANE('',#2699);
#2699 = AXIS2_PLACEMENT_3D('',#2700,#2701,#2702);
#2700 = CARTESIAN_POINT('',(36.595203488372,-70.63953488372,5.));
#2701 = DIRECTION('',(0.,-1.,0.));
#2702 = DIRECTION('',(-1.,0.,0.));
#2703 = ADVANCED_FACE('',(#2704),#2729,.T.);
#2704 = FACE_BOUND('',#2705,.T.);
#2705 = EDGE_LOOP('',(#2706,#2716,#2722,#2723));
#2706 = ORIENTED_EDGE('',*,*,#2707,.T.);
#2707 = EDGE_CURVE('',#2708,#2710,#2712,.T.);
#2708 = VERTEX_POINT('',#2709);
#2709 = CARTESIAN_POINT('',(36.595203488372,-69.50581395348,5.));
#2710 = VERTEX_POINT('',#2711);
#2711 = CARTESIAN_POINT('',(36.595203488372,-69.50581395348,6.));
#2712 = LINE('',#2713,#2714);
#2713 = CARTESIAN_POINT('',(36.595203488372,-69.50581395348,5.));
#2714 = VECTOR('',#2715,1.);
#2715 = DIRECTION('',(0.,0.,1.));
#2716 = ORIENTED_EDGE('',*,*,#2717,.T.);
#2717 = EDGE_CURVE('',#2710,#2679,#2718,.T.);
#2718 = LINE('',#2719,#2720);
#2719 = CARTESIAN_POINT('',(36.595203488372,-69.50581395348,6.));
#2720 = VECTOR('',#2721,1.);
#2721 = DIRECTION('',(0.,-1.,0.));
#2722 = ORIENTED_EDGE('',*,*,#2676,.F.);
#2723 = ORIENTED_EDGE('',*,*,#2724,.F.);
#2724 = EDGE_CURVE('',#2708,#2677,#2725,.T.);
#2725 = LINE('',#2726,#2727);
#2726 = CARTESIAN_POINT('',(36.595203488372,-69.50581395348,5.));
#2727 = VECTOR('',#2728,1.);
#2728 = DIRECTION('',(0.,-1.,0.));
#2729 = PLANE('',#2730);
#2730 = AXIS2_PLACEMENT_3D('',#2731,#2732,#2733);
#2731 = CARTESIAN_POINT('',(36.595203488372,-69.50581395348,5.));
#2732 = DIRECTION('',(1.,0.,-0.));
#2733 = DIRECTION('',(0.,-1.,0.));
#2734 = ADVANCED_FACE('',(#2735),#2760,.T.);
#2735 = FACE_BOUND('',#2736,.T.);
#2736 = EDGE_LOOP('',(#2737,#2747,#2753,#2754));
#2737 = ORIENTED_EDGE('',*,*,#2738,.T.);
#2738 = EDGE_CURVE('',#2739,#2741,#2743,.T.);
#2739 = VERTEX_POINT('',#2740);
#2740 = CARTESIAN_POINT('',(33.876726017442,-69.50581395348,5.));
#2741 = VERTEX_POINT('',#2742);
#2742 = CARTESIAN_POINT('',(33.876726017442,-69.50581395348,6.));
#2743 = LINE('',#2744,#2745);
#2744 = CARTESIAN_POINT('',(33.876726017442,-69.50581395348,5.));
#2745 = VECTOR('',#2746,1.);
#2746 = DIRECTION('',(0.,0.,1.));
#2747 = ORIENTED_EDGE('',*,*,#2748,.T.);
#2748 = EDGE_CURVE('',#2741,#2710,#2749,.T.);
#2749 = LINE('',#2750,#2751);
#2750 = CARTESIAN_POINT('',(33.876726017442,-69.50581395348,6.));
#2751 = VECTOR('',#2752,1.);
#2752 = DIRECTION('',(1.,0.,0.));
#2753 = ORIENTED_EDGE('',*,*,#2707,.F.);
#2754 = ORIENTED_EDGE('',*,*,#2755,.F.);
#2755 = EDGE_CURVE('',#2739,#2708,#2756,.T.);
#2756 = LINE('',#2757,#2758);
#2757 = CARTESIAN_POINT('',(33.876726017442,-69.50581395348,5.));
#2758 = VECTOR('',#2759,1.);
#2759 = DIRECTION('',(1.,0.,0.));
#2760 = PLANE('',#2761);
#2761 = AXIS2_PLACEMENT_3D('',#2762,#2763,#2764);
#2762 = CARTESIAN_POINT('',(33.876726017442,-69.50581395348,5.));
#2763 = DIRECTION('',(0.,1.,0.));
#2764 = DIRECTION('',(1.,0.,0.));
#2765 = ADVANCED_FACE('',(#2766),#2791,.T.);
#2766 = FACE_BOUND('',#2767,.T.);
#2767 = EDGE_LOOP('',(#2768,#2778,#2784,#2785));
#2768 = ORIENTED_EDGE('',*,*,#2769,.T.);
#2769 = EDGE_CURVE('',#2770,#2772,#2774,.T.);
#2770 = VERTEX_POINT('',#2771);
#2771 = CARTESIAN_POINT('',(33.876726017442,-66.77325581395,5.));
#2772 = VERTEX_POINT('',#2773);
#2773 = CARTESIAN_POINT('',(33.876726017442,-66.77325581395,6.));
#2774 = LINE('',#2775,#2776);
#2775 = CARTESIAN_POINT('',(33.876726017442,-66.77325581395,5.));
#2776 = VECTOR('',#2777,1.);
#2777 = DIRECTION('',(0.,0.,1.));
#2778 = ORIENTED_EDGE('',*,*,#2779,.T.);
#2779 = EDGE_CURVE('',#2772,#2741,#2780,.T.);
#2780 = LINE('',#2781,#2782);
#2781 = CARTESIAN_POINT('',(33.876726017442,-66.77325581395,6.));
#2782 = VECTOR('',#2783,1.);
#2783 = DIRECTION('',(0.,-1.,0.));
#2784 = ORIENTED_EDGE('',*,*,#2738,.F.);
#2785 = ORIENTED_EDGE('',*,*,#2786,.F.);
#2786 = EDGE_CURVE('',#2770,#2739,#2787,.T.);
#2787 = LINE('',#2788,#2789);
#2788 = CARTESIAN_POINT('',(33.876726017442,-66.77325581395,5.));
#2789 = VECTOR('',#2790,1.);
#2790 = DIRECTION('',(0.,-1.,0.));
#2791 = PLANE('',#2792);
#2792 = AXIS2_PLACEMENT_3D('',#2793,#2794,#2795);
#2793 = CARTESIAN_POINT('',(33.876726017442,-66.77325581395,5.));
#2794 = DIRECTION('',(1.,0.,-0.));
#2795 = DIRECTION('',(0.,-1.,0.));
#2796 = ADVANCED_FACE('',(#2797),#2822,.T.);
#2797 = FACE_BOUND('',#2798,.T.);
#2798 = EDGE_LOOP('',(#2799,#2809,#2815,#2816));
#2799 = ORIENTED_EDGE('',*,*,#2800,.T.);
#2800 = EDGE_CURVE('',#2801,#2803,#2805,.T.);
#2801 = VERTEX_POINT('',#2802);
#2802 = CARTESIAN_POINT('',(32.71847747093,-66.77325581395,5.));
#2803 = VERTEX_POINT('',#2804);
#2804 = CARTESIAN_POINT('',(32.71847747093,-66.77325581395,6.));
#2805 = LINE('',#2806,#2807);
#2806 = CARTESIAN_POINT('',(32.71847747093,-66.77325581395,5.));
#2807 = VECTOR('',#2808,1.);
#2808 = DIRECTION('',(0.,0.,1.));
#2809 = ORIENTED_EDGE('',*,*,#2810,.T.);
#2810 = EDGE_CURVE('',#2803,#2772,#2811,.T.);
#2811 = LINE('',#2812,#2813);
#2812 = CARTESIAN_POINT('',(32.71847747093,-66.77325581395,6.));
#2813 = VECTOR('',#2814,1.);
#2814 = DIRECTION('',(1.,0.,0.));
#2815 = ORIENTED_EDGE('',*,*,#2769,.F.);
#2816 = ORIENTED_EDGE('',*,*,#2817,.F.);
#2817 = EDGE_CURVE('',#2801,#2770,#2818,.T.);
#2818 = LINE('',#2819,#2820);
#2819 = CARTESIAN_POINT('',(32.71847747093,-66.77325581395,5.));
#2820 = VECTOR('',#2821,1.);
#2821 = DIRECTION('',(1.,0.,0.));
#2822 = PLANE('',#2823);
#2823 = AXIS2_PLACEMENT_3D('',#2824,#2825,#2826);
#2824 = CARTESIAN_POINT('',(32.71847747093,-66.77325581395,5.));
#2825 = DIRECTION('',(0.,1.,0.));
#2826 = DIRECTION('',(1.,0.,0.));
#2827 = ADVANCED_FACE('',(#2828),#2853,.T.);
#2828 = FACE_BOUND('',#2829,.T.);
#2829 = EDGE_LOOP('',(#2830,#2840,#2846,#2847));
#2830 = ORIENTED_EDGE('',*,*,#2831,.T.);
#2831 = EDGE_CURVE('',#2832,#2834,#2836,.T.);
#2832 = VERTEX_POINT('',#2833);
#2833 = CARTESIAN_POINT('',(32.71847747093,-69.50581395348,5.));
#2834 = VERTEX_POINT('',#2835);
#2835 = CARTESIAN_POINT('',(32.71847747093,-69.50581395348,6.));
#2836 = LINE('',#2837,#2838);
#2837 = CARTESIAN_POINT('',(32.71847747093,-69.50581395348,5.));
#2838 = VECTOR('',#2839,1.);
#2839 = DIRECTION('',(0.,0.,1.));
#2840 = ORIENTED_EDGE('',*,*,#2841,.T.);
#2841 = EDGE_CURVE('',#2834,#2803,#2842,.T.);
#2842 = LINE('',#2843,#2844);
#2843 = CARTESIAN_POINT('',(32.71847747093,-69.50581395348,6.));
#2844 = VECTOR('',#2845,1.);
#2845 = DIRECTION('',(0.,1.,0.));
#2846 = ORIENTED_EDGE('',*,*,#2800,.F.);
#2847 = ORIENTED_EDGE('',*,*,#2848,.F.);
#2848 = EDGE_CURVE('',#2832,#2801,#2849,.T.);
#2849 = LINE('',#2850,#2851);
#2850 = CARTESIAN_POINT('',(32.71847747093,-69.50581395348,5.));
#2851 = VECTOR('',#2852,1.);
#2852 = DIRECTION('',(0.,1.,0.));
#2853 = PLANE('',#2854);
#2854 = AXIS2_PLACEMENT_3D('',#2855,#2856,#2857);
#2855 = CARTESIAN_POINT('',(32.71847747093,-69.50581395348,5.));
#2856 = DIRECTION('',(-1.,0.,0.));
#2857 = DIRECTION('',(0.,1.,0.));
#2858 = ADVANCED_FACE('',(#2859),#2884,.T.);
#2859 = FACE_BOUND('',#2860,.T.);
#2860 = EDGE_LOOP('',(#2861,#2871,#2877,#2878));
#2861 = ORIENTED_EDGE('',*,*,#2862,.T.);
#2862 = EDGE_CURVE('',#2863,#2865,#2867,.T.);
#2863 = VERTEX_POINT('',#2864);
#2864 = CARTESIAN_POINT('',(30.,-69.50581395348,5.));
#2865 = VERTEX_POINT('',#2866);
#2866 = CARTESIAN_POINT('',(30.,-69.50581395348,6.));
#2867 = LINE('',#2868,#2869);
#2868 = CARTESIAN_POINT('',(30.,-69.50581395348,5.));
#2869 = VECTOR('',#2870,1.);
#2870 = DIRECTION('',(0.,0.,1.));
#2871 = ORIENTED_EDGE('',*,*,#2872,.T.);
#2872 = EDGE_CURVE('',#2865,#2834,#2873,.T.);
#2873 = LINE('',#2874,#2875);
#2874 = CARTESIAN_POINT('',(30.,-69.50581395348,6.));
#2875 = VECTOR('',#2876,1.);
#2876 = DIRECTION('',(1.,0.,0.));
#2877 = ORIENTED_EDGE('',*,*,#2831,.F.);
#2878 = ORIENTED_EDGE('',*,*,#2879,.F.);
#2879 = EDGE_CURVE('',#2863,#2832,#2880,.T.);
#2880 = LINE('',#2881,#2882);
#2881 = CARTESIAN_POINT('',(30.,-69.50581395348,5.));
#2882 = VECTOR('',#2883,1.);
#2883 = DIRECTION('',(1.,0.,0.));
#2884 = PLANE('',#2885);
#2885 = AXIS2_PLACEMENT_3D('',#2886,#2887,#2888);
#2886 = CARTESIAN_POINT('',(30.,-69.50581395348,5.));
#2887 = DIRECTION('',(0.,1.,0.));
#2888 = DIRECTION('',(1.,0.,0.));
#2889 = ADVANCED_FACE('',(#2890),#2915,.T.);
#2890 = FACE_BOUND('',#2891,.T.);
#2891 = EDGE_LOOP('',(#2892,#2902,#2908,#2909));
#2892 = ORIENTED_EDGE('',*,*,#2893,.T.);
#2893 = EDGE_CURVE('',#2894,#2896,#2898,.T.);
#2894 = VERTEX_POINT('',#2895);
#2895 = CARTESIAN_POINT('',(30.,-70.63953488372,5.));
#2896 = VERTEX_POINT('',#2897);
#2897 = CARTESIAN_POINT('',(30.,-70.63953488372,6.));
#2898 = LINE('',#2899,#2900);
#2899 = CARTESIAN_POINT('',(30.,-70.63953488372,5.));
#2900 = VECTOR('',#2901,1.);
#2901 = DIRECTION('',(0.,0.,1.));
#2902 = ORIENTED_EDGE('',*,*,#2903,.T.);
#2903 = EDGE_CURVE('',#2896,#2865,#2904,.T.);
#2904 = LINE('',#2905,#2906);
#2905 = CARTESIAN_POINT('',(30.,-70.63953488372,6.));
#2906 = VECTOR('',#2907,1.);
#2907 = DIRECTION('',(0.,1.,0.));
#2908 = ORIENTED_EDGE('',*,*,#2862,.F.);
#2909 = ORIENTED_EDGE('',*,*,#2910,.F.);
#2910 = EDGE_CURVE('',#2894,#2863,#2911,.T.);
#2911 = LINE('',#2912,#2913);
#2912 = CARTESIAN_POINT('',(30.,-70.63953488372,5.));
#2913 = VECTOR('',#2914,1.);
#2914 = DIRECTION('',(0.,1.,0.));
#2915 = PLANE('',#2916);
#2916 = AXIS2_PLACEMENT_3D('',#2917,#2918,#2919);
#2917 = CARTESIAN_POINT('',(30.,-70.63953488372,5.));
#2918 = DIRECTION('',(-1.,0.,0.));
#2919 = DIRECTION('',(0.,1.,0.));
#2920 = ADVANCED_FACE('',(#2921),#2937,.T.);
#2921 = FACE_BOUND('',#2922,.T.);
#2922 = EDGE_LOOP('',(#2923,#2924,#2930,#2931));
#2923 = ORIENTED_EDGE('',*,*,#2592,.T.);
#2924 = ORIENTED_EDGE('',*,*,#2925,.T.);
#2925 = EDGE_CURVE('',#2585,#2896,#2926,.T.);
#2926 = LINE('',#2927,#2928);
#2927 = CARTESIAN_POINT('',(32.71847747093,-70.63953488372,6.));
#2928 = VECTOR('',#2929,1.);
#2929 = DIRECTION('',(-1.,0.,0.));
#2930 = ORIENTED_EDGE('',*,*,#2893,.F.);
#2931 = ORIENTED_EDGE('',*,*,#2932,.F.);
#2932 = EDGE_CURVE('',#2593,#2894,#2933,.T.);
#2933 = LINE('',#2934,#2935);
#2934 = CARTESIAN_POINT('',(32.71847747093,-70.63953488372,5.));
#2935 = VECTOR('',#2936,1.);
#2936 = DIRECTION('',(-1.,0.,0.));
#2937 = PLANE('',#2938);
#2938 = AXIS2_PLACEMENT_3D('',#2939,#2940,#2941);
#2939 = CARTESIAN_POINT('',(32.71847747093,-70.63953488372,5.));
#2940 = DIRECTION('',(0.,-1.,0.));
#2941 = DIRECTION('',(-1.,0.,0.));
#2942 = ADVANCED_FACE('',(#2943),#2957,.F.);
#2943 = FACE_BOUND('',#2944,.F.);
#2944 = EDGE_LOOP('',(#2945,#2946,#2947,#2948,#2949,#2950,#2951,#2952,
    #2953,#2954,#2955,#2956));
#2945 = ORIENTED_EDGE('',*,*,#2600,.F.);
#2946 = ORIENTED_EDGE('',*,*,#2631,.F.);
#2947 = ORIENTED_EDGE('',*,*,#2662,.F.);
#2948 = ORIENTED_EDGE('',*,*,#2693,.F.);
#2949 = ORIENTED_EDGE('',*,*,#2724,.F.);
#2950 = ORIENTED_EDGE('',*,*,#2755,.F.);
#2951 = ORIENTED_EDGE('',*,*,#2786,.F.);
#2952 = ORIENTED_EDGE('',*,*,#2817,.F.);
#2953 = ORIENTED_EDGE('',*,*,#2848,.F.);
#2954 = ORIENTED_EDGE('',*,*,#2879,.F.);
#2955 = ORIENTED_EDGE('',*,*,#2910,.F.);
#2956 = ORIENTED_EDGE('',*,*,#2932,.F.);
#2957 = PLANE('',#2958);
#2958 = AXIS2_PLACEMENT_3D('',#2959,#2960,#2961);
#2959 = CARTESIAN_POINT('',(33.297601744186,-70.0726744186,5.));
#2960 = DIRECTION('',(0.,0.,1.));
#2961 = DIRECTION('',(1.,0.,0.));
#2962 = ADVANCED_FACE('',(#2963),#2977,.T.);
#2963 = FACE_BOUND('',#2964,.T.);
#2964 = EDGE_LOOP('',(#2965,#2966,#2967,#2968,#2969,#2970,#2971,#2972,
    #2973,#2974,#2975,#2976));
#2965 = ORIENTED_EDGE('',*,*,#2584,.F.);
#2966 = ORIENTED_EDGE('',*,*,#2624,.F.);
#2967 = ORIENTED_EDGE('',*,*,#2655,.F.);
#2968 = ORIENTED_EDGE('',*,*,#2686,.F.);
#2969 = ORIENTED_EDGE('',*,*,#2717,.F.);
#2970 = ORIENTED_EDGE('',*,*,#2748,.F.);
#2971 = ORIENTED_EDGE('',*,*,#2779,.F.);
#2972 = ORIENTED_EDGE('',*,*,#2810,.F.);
#2973 = ORIENTED_EDGE('',*,*,#2841,.F.);
#2974 = ORIENTED_EDGE('',*,*,#2872,.F.);
#2975 = ORIENTED_EDGE('',*,*,#2903,.F.);
#2976 = ORIENTED_EDGE('',*,*,#2925,.F.);
#2977 = PLANE('',#2978);
#2978 = AXIS2_PLACEMENT_3D('',#2979,#2980,#2981);
#2979 = CARTESIAN_POINT('',(33.297601744186,-70.0726744186,6.));
#2980 = DIRECTION('',(0.,0.,1.));
#2981 = DIRECTION('',(1.,0.,0.));
#2982 = ( GEOMETRIC_REPRESENTATION_CONTEXT(3) 
GLOBAL_UNCERTAINTY_ASSIGNED_CONTEXT((#2986)) 
GLOBAL_UNIT_ASSIGNED_CONTEXT((#2983,#2984,#2985)) REPRESENTATION_CONTEXT
('Context #1','3D Context with UNIT and UNCERTAINTY') );
#2983 = ( LENGTH_UNIT() NAMED_UNIT(*) SI_UNIT(.MILLI.,.METRE.) );
#2984 = ( NAMED_UNIT(*) PLANE_ANGLE_UNIT() SI_UNIT($,.RADIAN.) );
#2985 = ( NAMED_UNIT(*) SI_UNIT($,.STERADIAN.) SOLID_ANGLE_UNIT() );
#2986 = UNCERTAINTY_MEASURE_WITH_UNIT(LENGTH_MEASURE(1.E-07),#2983,
  'distance_accuracy_value','confusion accuracy');
#2987 = CONTEXT_DEPENDENT_SHAPE_REPRESENTATION(#2988,#2990);
#2988 = ( REPRESENTATION_RELATIONSHIP('','',#2567,#10) 
REPRESENTATION_RELATIONSHIP_WITH_TRANSFORMATION(#2989) 
SHAPE_REPRESENTATION_RELATIONSHIP() );
#2989 = ITEM_DEFINED_TRANSFORMATION('','',#11,#39);
#2990 = PRODUCT_DEFINITION_SHAPE('Placement','Placement of an item',
  #2991);
#2991 = NEXT_ASSEMBLY_USAGE_OCCURRENCE('14','=>[0:1:1:7]','',#5,#2562,$
  );
#2992 = PRODUCT_RELATED_PRODUCT_CATEGORY('part',$,(#2564));
#2993 = SHAPE_DEFINITION_REPRESENTATION(#2994,#3000);
#2994 = PRODUCT_DEFINITION_SHAPE('','',#2995);
#2995 = PRODUCT_DEFINITION('design','',#2996,#2999);
#2996 = PRODUCT_DEFINITION_FORMATION('','',#2997);
#2997 = PRODUCT('Face002','Face002','',(#2998));
#2998 = PRODUCT_CONTEXT('',#2,'mechanical');
#2999 = PRODUCT_DEFINITION_CONTEXT('part definition',#2,'design');
#3000 = MANIFOLD_SURFACE_SHAPE_REPRESENTATION('',(#11,#3001),#3099);
#3001 = SHELL_BASED_SURFACE_MODEL('',(#3002));
#3002 = OPEN_SHELL('',(#3003));
#3003 = ADVANCED_FACE('',(#3004),#3094,.T.);
#3004 = FACE_BOUND('',#3005,.T.);
#3005 = EDGE_LOOP('',(#3006,#3016,#3024,#3032,#3040,#3048,#3056,#3064,
    #3072,#3080,#3088));
#3006 = ORIENTED_EDGE('',*,*,#3007,.F.);
#3007 = EDGE_CURVE('',#3008,#3010,#3012,.T.);
#3008 = VERTEX_POINT('',#3009);
#3009 = CARTESIAN_POINT('',(12.029887354651,0.,0.));
#3010 = VERTEX_POINT('',#3011);
#3011 = CARTESIAN_POINT('',(12.029887354651,4.236010174419,0.));
#3012 = LINE('',#3013,#3014);
#3013 = CARTESIAN_POINT('',(12.029887354651,0.,0.));
#3014 = VECTOR('',#3015,1.);
#3015 = DIRECTION('',(0.,1.,0.));
#3016 = ORIENTED_EDGE('',*,*,#3017,.F.);
#3017 = EDGE_CURVE('',#3018,#3008,#3020,.T.);
#3018 = VERTEX_POINT('',#3019);
#3019 = CARTESIAN_POINT('',(13.351653343023,0.,0.));
#3020 = LINE('',#3021,#3022);
#3021 = CARTESIAN_POINT('',(13.351653343023,0.,0.));
#3022 = VECTOR('',#3023,1.);
#3023 = DIRECTION('',(-1.,0.,0.));
#3024 = ORIENTED_EDGE('',*,*,#3025,.F.);
#3025 = EDGE_CURVE('',#3026,#3018,#3028,.T.);
#3026 = VERTEX_POINT('',#3027);
#3027 = CARTESIAN_POINT('',(13.351653343023,4.236010174419,0.));
#3028 = LINE('',#3029,#3030);
#3029 = CARTESIAN_POINT('',(13.351653343023,4.236010174419,0.));
#3030 = VECTOR('',#3031,1.);
#3031 = DIRECTION('',(0.,-1.,0.));
#3032 = ORIENTED_EDGE('',*,*,#3033,.F.);
#3033 = EDGE_CURVE('',#3034,#3026,#3036,.T.);
#3034 = VERTEX_POINT('',#3035);
#3035 = CARTESIAN_POINT('',(17.337390988372,10.,0.));
#3036 = LINE('',#3037,#3038);
#3037 = CARTESIAN_POINT('',(17.337390988372,10.,0.));
#3038 = VECTOR('',#3039,1.);
#3039 = DIRECTION('',(-0.568754887758,-0.82250706845,0.));
#3040 = ORIENTED_EDGE('',*,*,#3041,.F.);
#3041 = EDGE_CURVE('',#3042,#3034,#3044,.T.);
#3042 = VERTEX_POINT('',#3043);
#3043 = CARTESIAN_POINT('',(15.797601744186,10.,0.));
#3044 = LINE('',#3045,#3046);
#3045 = CARTESIAN_POINT('',(15.797601744186,10.,0.));
#3046 = VECTOR('',#3047,1.);
#3047 = DIRECTION('',(1.,0.,0.));
#3048 = ORIENTED_EDGE('',*,*,#3049,.F.);
#3049 = EDGE_CURVE('',#3050,#3042,#3052,.T.);
#3050 = VERTEX_POINT('',#3051);
#3051 = CARTESIAN_POINT('',(13.862645348837,7.053052325581,0.));
#3052 = LINE('',#3053,#3054);
#3053 = CARTESIAN_POINT('',(13.862645348837,7.053052325581,0.));
#3054 = VECTOR('',#3055,1.);
#3055 = DIRECTION('',(0.548859051798,0.835914912691,0.));
#3056 = ORIENTED_EDGE('',*,*,#3057,.F.);
#3057 = EDGE_CURVE('',#3058,#3050,#3060,.T.);
#3058 = VERTEX_POINT('',#3059);
#3059 = CARTESIAN_POINT('',(12.772529069767,5.313408430233,0.));
#3060 = B_SPLINE_CURVE_WITH_KNOTS('',2,(#3061,#3062,#3063),
  .UNSPECIFIED.,.F.,.F.,(3,3),(0.,1.),.PIECEWISE_BEZIER_KNOTS.);
#3061 = CARTESIAN_POINT('',(12.772529069767,5.313408430233,0.));
#3062 = CARTESIAN_POINT('',(13.222202034884,6.068768168605,0.));
#3063 = CARTESIAN_POINT('',(13.862645348837,7.053052325581,0.));
#3064 = ORIENTED_EDGE('',*,*,#3065,.F.);
#3065 = EDGE_CURVE('',#3066,#3058,#3068,.T.);
#3066 = VERTEX_POINT('',#3067);
#3067 = CARTESIAN_POINT('',(11.757358284884,6.972202034884,0.));
#3068 = B_SPLINE_CURVE_WITH_KNOTS('',2,(#3069,#3070,#3071),
  .UNSPECIFIED.,.F.,.F.,(3,3),(0.,1.),.PIECEWISE_BEZIER_KNOTS.);
#3069 = CARTESIAN_POINT('',(11.757358284884,6.972202034884,0.));
#3070 = CARTESIAN_POINT('',(12.302416424419,6.124182412791,0.));
#3071 = CARTESIAN_POINT('',(12.772529069767,5.313408430233,0.));
#3072 = ORIENTED_EDGE('',*,*,#3073,.F.);
#3073 = EDGE_CURVE('',#3074,#3066,#3076,.T.);
#3074 = VERTEX_POINT('',#3075);
#3075 = CARTESIAN_POINT('',(9.788335755814,10.,0.));
#3076 = LINE('',#3077,#3078);
#3077 = CARTESIAN_POINT('',(9.788335755814,10.,0.));
#3078 = VECTOR('',#3079,1.);
#3079 = DIRECTION('',(0.54517399497,-0.838322918217,0.));
#3080 = ORIENTED_EDGE('',*,*,#3081,.F.);
#3081 = EDGE_CURVE('',#3082,#3074,#3084,.T.);
#3082 = VERTEX_POINT('',#3083);
#3083 = CARTESIAN_POINT('',(8.180414244186,10.,0.));
#3084 = LINE('',#3085,#3086);
#3085 = CARTESIAN_POINT('',(8.180414244186,10.,0.));
#3086 = VECTOR('',#3087,1.);
#3087 = DIRECTION('',(1.,0.,0.));
#3088 = ORIENTED_EDGE('',*,*,#3089,.F.);
#3089 = EDGE_CURVE('',#3010,#3082,#3090,.T.);
#3090 = LINE('',#3091,#3092);
#3091 = CARTESIAN_POINT('',(12.029887354651,4.236010174419,0.));
#3092 = VECTOR('',#3093,1.);
#3093 = DIRECTION('',(-0.555380531429,0.831596335556,0.));
#3094 = PLANE('',#3095);
#3095 = AXIS2_PLACEMENT_3D('',#3096,#3097,#3098);
#3096 = CARTESIAN_POINT('',(12.737055115027,6.155385029949,0.));
#3097 = DIRECTION('',(0.,0.,1.));
#3098 = DIRECTION('',(1.,0.,-0.));
#3099 = ( GEOMETRIC_REPRESENTATION_CONTEXT(3) 
GLOBAL_UNCERTAINTY_ASSIGNED_CONTEXT((#3103)) 
GLOBAL_UNIT_ASSIGNED_CONTEXT((#3100,#3101,#3102)) REPRESENTATION_CONTEXT
('Context #1','3D Context with UNIT and UNCERTAINTY') );
#3100 = ( LENGTH_UNIT() NAMED_UNIT(*) SI_UNIT(.MILLI.,.METRE.) );
#3101 = ( NAMED_UNIT(*) PLANE_ANGLE_UNIT() SI_UNIT($,.RADIAN.) );
#3102 = ( NAMED_UNIT(*) SI_UNIT($,.STERADIAN.) SOLID_ANGLE_UNIT() );
#3103 = UNCERTAINTY_MEASURE_WITH_UNIT(LENGTH_MEASURE(1.E-07),#3100,
  'distance_accuracy_value','confusion accuracy');
#3104 = CONTEXT_DEPENDENT_SHAPE_REPRESENTATION(#3105,#3107);
#3105 = ( REPRESENTATION_RELATIONSHIP('','',#3000,#10) 
REPRESENTATION_RELATIONSHIP_WITH_TRANSFORMATION(#3106) 
SHAPE_REPRESENTATION_RELATIONSHIP() );
#3106 = ITEM_DEFINED_TRANSFORMATION('','',#11,#43);
#3107 = PRODUCT_DEFINITION_SHAPE('Placement','Placement of an item',
  #3108);
#3108 = NEXT_ASSEMBLY_USAGE_OCCURRENCE('15','=>[0:1:1:8]','',#5,#2995,$
  );
#3109 = PRODUCT_RELATED_PRODUCT_CATEGORY('part',$,(#2997));
#3110 = SHAPE_DEFINITION_REPRESENTATION(#3111,#3117);
#3111 = PRODUCT_DEFINITION_SHAPE('','',#3112);
#3112 = PRODUCT_DEFINITION('design','',#3113,#3116);
#3113 = PRODUCT_DEFINITION_FORMATION('','',#3114);
#3114 = PRODUCT('Y','Y','',(#3115));
#3115 = PRODUCT_CONTEXT('',#2,'mechanical');
#3116 = PRODUCT_DEFINITION_CONTEXT('part definition',#2,'design');
#3117 = ADVANCED_BREP_SHAPE_REPRESENTATION('',(#11,#3118),#3503);
#3118 = MANIFOLD_SOLID_BREP('',#3119);
#3119 = CLOSED_SHELL('',(#3120,#3160,#3191,#3222,#3253,#3284,#3315,#3348
    ,#3381,#3412,#3443,#3465,#3484));
#3120 = ADVANCED_FACE('',(#3121),#3155,.F.);
#3121 = FACE_BOUND('',#3122,.F.);
#3122 = EDGE_LOOP('',(#3123,#3133,#3141,#3149));
#3123 = ORIENTED_EDGE('',*,*,#3124,.T.);
#3124 = EDGE_CURVE('',#3125,#3127,#3129,.T.);
#3125 = VERTEX_POINT('',#3126);
#3126 = CARTESIAN_POINT('',(75.,-38.74682049418,5.));
#3127 = VERTEX_POINT('',#3128);
#3128 = CARTESIAN_POINT('',(75.,-38.74682049418,4.));
#3129 = LINE('',#3130,#3131);
#3130 = CARTESIAN_POINT('',(75.,-38.74682049418,5.));
#3131 = VECTOR('',#3132,1.);
#3132 = DIRECTION('',(-0.,0.,-1.));
#3133 = ORIENTED_EDGE('',*,*,#3134,.T.);
#3134 = EDGE_CURVE('',#3127,#3135,#3137,.T.);
#3135 = VERTEX_POINT('',#3136);
#3136 = CARTESIAN_POINT('',(70.763989825581,-38.74682049418,4.));
#3137 = LINE('',#3138,#3139);
#3138 = CARTESIAN_POINT('',(75.,-38.74682049418,4.));
#3139 = VECTOR('',#3140,1.);
#3140 = DIRECTION('',(-1.,2.22044604925E-16,0.));
#3141 = ORIENTED_EDGE('',*,*,#3142,.F.);
#3142 = EDGE_CURVE('',#3143,#3135,#3145,.T.);
#3143 = VERTEX_POINT('',#3144);
#3144 = CARTESIAN_POINT('',(70.763989825581,-38.74682049418,5.));
#3145 = LINE('',#3146,#3147);
#3146 = CARTESIAN_POINT('',(70.763989825581,-38.74682049418,5.));
#3147 = VECTOR('',#3148,1.);
#3148 = DIRECTION('',(-0.,0.,-1.));
#3149 = ORIENTED_EDGE('',*,*,#3150,.F.);
#3150 = EDGE_CURVE('',#3125,#3143,#3151,.T.);
#3151 = LINE('',#3152,#3153);
#3152 = CARTESIAN_POINT('',(75.,-38.74682049418,5.));
#3153 = VECTOR('',#3154,1.);
#3154 = DIRECTION('',(-1.,2.22044604925E-16,0.));
#3155 = PLANE('',#3156);
#3156 = AXIS2_PLACEMENT_3D('',#3157,#3158,#3159);
#3157 = CARTESIAN_POINT('',(75.,-38.74682049418,5.));
#3158 = DIRECTION('',(2.22044604925E-16,1.,0.));
#3159 = DIRECTION('',(-1.,2.22044604925E-16,0.));
#3160 = ADVANCED_FACE('',(#3161),#3186,.F.);
#3161 = FACE_BOUND('',#3162,.F.);
#3162 = EDGE_LOOP('',(#3163,#3173,#3179,#3180));
#3163 = ORIENTED_EDGE('',*,*,#3164,.T.);
#3164 = EDGE_CURVE('',#3165,#3167,#3169,.T.);
#3165 = VERTEX_POINT('',#3166);
#3166 = CARTESIAN_POINT('',(75.,-37.42505450581,5.));
#3167 = VERTEX_POINT('',#3168);
#3168 = CARTESIAN_POINT('',(75.,-37.42505450581,4.));
#3169 = LINE('',#3170,#3171);
#3170 = CARTESIAN_POINT('',(75.,-37.42505450581,5.));
#3171 = VECTOR('',#3172,1.);
#3172 = DIRECTION('',(-0.,0.,-1.));
#3173 = ORIENTED_EDGE('',*,*,#3174,.T.);
#3174 = EDGE_CURVE('',#3167,#3127,#3175,.T.);
#3175 = LINE('',#3176,#3177);
#3176 = CARTESIAN_POINT('',(75.,-37.42505450581,4.));
#3177 = VECTOR('',#3178,1.);
#3178 = DIRECTION('',(-2.22044604925E-16,-1.,0.));
#3179 = ORIENTED_EDGE('',*,*,#3124,.F.);
#3180 = ORIENTED_EDGE('',*,*,#3181,.F.);
#3181 = EDGE_CURVE('',#3165,#3125,#3182,.T.);
#3182 = LINE('',#3183,#3184);
#3183 = CARTESIAN_POINT('',(75.,-37.42505450581,5.));
#3184 = VECTOR('',#3185,1.);
#3185 = DIRECTION('',(-2.22044604925E-16,-1.,0.));
#3186 = PLANE('',#3187);
#3187 = AXIS2_PLACEMENT_3D('',#3188,#3189,#3190);
#3188 = CARTESIAN_POINT('',(75.,-37.42505450581,5.));
#3189 = DIRECTION('',(-1.,2.22044604925E-16,0.));
#3190 = DIRECTION('',(-2.22044604925E-16,-1.,0.));
#3191 = ADVANCED_FACE('',(#3192),#3217,.F.);
#3192 = FACE_BOUND('',#3193,.F.);
#3193 = EDGE_LOOP('',(#3194,#3204,#3210,#3211));
#3194 = ORIENTED_EDGE('',*,*,#3195,.T.);
#3195 = EDGE_CURVE('',#3196,#3198,#3200,.T.);
#3196 = VERTEX_POINT('',#3197);
#3197 = CARTESIAN_POINT('',(70.763989825581,-37.42505450581,5.));
#3198 = VERTEX_POINT('',#3199);
#3199 = CARTESIAN_POINT('',(70.763989825581,-37.42505450581,4.));
#3200 = LINE('',#3201,#3202);
#3201 = CARTESIAN_POINT('',(70.763989825581,-37.42505450581,5.));
#3202 = VECTOR('',#3203,1.);
#3203 = DIRECTION('',(-0.,0.,-1.));
#3204 = ORIENTED_EDGE('',*,*,#3205,.T.);
#3205 = EDGE_CURVE('',#3198,#3167,#3206,.T.);
#3206 = LINE('',#3207,#3208);
#3207 = CARTESIAN_POINT('',(70.763989825581,-37.42505450581,4.));
#3208 = VECTOR('',#3209,1.);
#3209 = DIRECTION('',(1.,-2.22044604925E-16,0.));
#3210 = ORIENTED_EDGE('',*,*,#3164,.F.);
#3211 = ORIENTED_EDGE('',*,*,#3212,.F.);
#3212 = EDGE_CURVE('',#3196,#3165,#3213,.T.);
#3213 = LINE('',#3214,#3215);
#3214 = CARTESIAN_POINT('',(70.763989825581,-37.42505450581,5.));
#3215 = VECTOR('',#3216,1.);
#3216 = DIRECTION('',(1.,-2.22044604925E-16,0.));
#3217 = PLANE('',#3218);
#3218 = AXIS2_PLACEMENT_3D('',#3219,#3220,#3221);
#3219 = CARTESIAN_POINT('',(70.763989825581,-37.42505450581,5.));
#3220 = DIRECTION('',(-2.22044604925E-16,-1.,0.));
#3221 = DIRECTION('',(1.,-2.22044604925E-16,0.));
#3222 = ADVANCED_FACE('',(#3223),#3248,.F.);
#3223 = FACE_BOUND('',#3224,.F.);
#3224 = EDGE_LOOP('',(#3225,#3235,#3241,#3242));
#3225 = ORIENTED_EDGE('',*,*,#3226,.T.);
#3226 = EDGE_CURVE('',#3227,#3229,#3231,.T.);
#3227 = VERTEX_POINT('',#3228);
#3228 = CARTESIAN_POINT('',(65.,-33.43931686046,5.));
#3229 = VERTEX_POINT('',#3230);
#3230 = CARTESIAN_POINT('',(65.,-33.43931686046,4.));
#3231 = LINE('',#3232,#3233);
#3232 = CARTESIAN_POINT('',(65.,-33.43931686046,5.));
#3233 = VECTOR('',#3234,1.);
#3234 = DIRECTION('',(-0.,0.,-1.));
#3235 = ORIENTED_EDGE('',*,*,#3236,.T.);
#3236 = EDGE_CURVE('',#3229,#3198,#3237,.T.);
#3237 = LINE('',#3238,#3239);
#3238 = CARTESIAN_POINT('',(65.,-33.43931686046,4.));
#3239 = VECTOR('',#3240,1.);
#3240 = DIRECTION('',(0.82250706845,-0.568754887758,0.));
#3241 = ORIENTED_EDGE('',*,*,#3195,.F.);
#3242 = ORIENTED_EDGE('',*,*,#3243,.F.);
#3243 = EDGE_CURVE('',#3227,#3196,#3244,.T.);
#3244 = LINE('',#3245,#3246);
#3245 = CARTESIAN_POINT('',(65.,-33.43931686046,5.));
#3246 = VECTOR('',#3247,1.);
#3247 = DIRECTION('',(0.82250706845,-0.568754887758,0.));
#3248 = PLANE('',#3249);
#3249 = AXIS2_PLACEMENT_3D('',#3250,#3251,#3252);
#3250 = CARTESIAN_POINT('',(65.,-33.43931686046,5.));
#3251 = DIRECTION('',(-0.568754887758,-0.82250706845,0.));
#3252 = DIRECTION('',(0.82250706845,-0.568754887758,0.));
#3253 = ADVANCED_FACE('',(#3254),#3279,.F.);
#3254 = FACE_BOUND('',#3255,.F.);
#3255 = EDGE_LOOP('',(#3256,#3266,#3272,#3273));
#3256 = ORIENTED_EDGE('',*,*,#3257,.T.);
#3257 = EDGE_CURVE('',#3258,#3260,#3262,.T.);
#3258 = VERTEX_POINT('',#3259);
#3259 = CARTESIAN_POINT('',(65.,-34.97910610465,5.));
#3260 = VERTEX_POINT('',#3261);
#3261 = CARTESIAN_POINT('',(65.,-34.97910610465,4.));
#3262 = LINE('',#3263,#3264);
#3263 = CARTESIAN_POINT('',(65.,-34.97910610465,5.));
#3264 = VECTOR('',#3265,1.);
#3265 = DIRECTION('',(-0.,0.,-1.));
#3266 = ORIENTED_EDGE('',*,*,#3267,.T.);
#3267 = EDGE_CURVE('',#3260,#3229,#3268,.T.);
#3268 = LINE('',#3269,#3270);
#3269 = CARTESIAN_POINT('',(65.,-34.97910610465,4.));
#3270 = VECTOR('',#3271,1.);
#3271 = DIRECTION('',(2.22044604925E-16,1.,0.));
#3272 = ORIENTED_EDGE('',*,*,#3226,.F.);
#3273 = ORIENTED_EDGE('',*,*,#3274,.F.);
#3274 = EDGE_CURVE('',#3258,#3227,#3275,.T.);
#3275 = LINE('',#3276,#3277);
#3276 = CARTESIAN_POINT('',(65.,-34.97910610465,5.));
#3277 = VECTOR('',#3278,1.);
#3278 = DIRECTION('',(2.22044604925E-16,1.,0.));
#3279 = PLANE('',#3280);
#3280 = AXIS2_PLACEMENT_3D('',#3281,#3282,#3283);
#3281 = CARTESIAN_POINT('',(65.,-34.97910610465,5.));
#3282 = DIRECTION('',(1.,-2.22044604925E-16,-0.));
#3283 = DIRECTION('',(2.22044604925E-16,1.,0.));
#3284 = ADVANCED_FACE('',(#3285),#3310,.F.);
#3285 = FACE_BOUND('',#3286,.F.);
#3286 = EDGE_LOOP('',(#3287,#3297,#3303,#3304));
#3287 = ORIENTED_EDGE('',*,*,#3288,.T.);
#3288 = EDGE_CURVE('',#3289,#3291,#3293,.T.);
#3289 = VERTEX_POINT('',#3290);
#3290 = CARTESIAN_POINT('',(67.946947674419,-36.9140625,5.));
#3291 = VERTEX_POINT('',#3292);
#3292 = CARTESIAN_POINT('',(67.946947674419,-36.9140625,4.));
#3293 = LINE('',#3294,#3295);
#3294 = CARTESIAN_POINT('',(67.946947674419,-36.9140625,5.));
#3295 = VECTOR('',#3296,1.);
#3296 = DIRECTION('',(-0.,0.,-1.));
#3297 = ORIENTED_EDGE('',*,*,#3298,.T.);
#3298 = EDGE_CURVE('',#3291,#3260,#3299,.T.);
#3299 = LINE('',#3300,#3301);
#3300 = CARTESIAN_POINT('',(67.946947674419,-36.9140625,4.));
#3301 = VECTOR('',#3302,1.);
#3302 = DIRECTION('',(-0.835914912691,0.548859051798,0.));
#3303 = ORIENTED_EDGE('',*,*,#3257,.F.);
#3304 = ORIENTED_EDGE('',*,*,#3305,.F.);
#3305 = EDGE_CURVE('',#3289,#3258,#3306,.T.);
#3306 = LINE('',#3307,#3308);
#3307 = CARTESIAN_POINT('',(67.946947674419,-36.9140625,5.));
#3308 = VECTOR('',#3309,1.);
#3309 = DIRECTION('',(-0.835914912691,0.548859051798,0.));
#3310 = PLANE('',#3311);
#3311 = AXIS2_PLACEMENT_3D('',#3312,#3313,#3314);
#3312 = CARTESIAN_POINT('',(67.946947674419,-36.9140625,5.));
#3313 = DIRECTION('',(0.548859051798,0.835914912691,0.));
#3314 = DIRECTION('',(-0.835914912691,0.548859051798,0.));
#3315 = ADVANCED_FACE('',(#3316),#3341,.F.);
#3316 = FACE_BOUND('',#3317,.F.);
#3317 = EDGE_LOOP('',(#3318,#3328,#3334,#3335));
#3318 = ORIENTED_EDGE('',*,*,#3319,.T.);
#3319 = EDGE_CURVE('',#3320,#3322,#3324,.T.);
#3320 = VERTEX_POINT('',#3321);
#3321 = CARTESIAN_POINT('',(69.686591569767,-38.00417877907,5.));
#3322 = VERTEX_POINT('',#3323);
#3323 = CARTESIAN_POINT('',(69.686591569767,-38.00417877907,4.));
#3324 = LINE('',#3325,#3326);
#3325 = CARTESIAN_POINT('',(69.686591569767,-38.00417877907,5.));
#3326 = VECTOR('',#3327,1.);
#3327 = DIRECTION('',(-0.,0.,-1.));
#3328 = ORIENTED_EDGE('',*,*,#3329,.T.);
#3329 = EDGE_CURVE('',#3322,#3291,#3330,.T.);
#3330 = B_SPLINE_CURVE_WITH_KNOTS('',2,(#3331,#3332,#3333),
  .UNSPECIFIED.,.F.,.F.,(3,3),(0.,1.),.PIECEWISE_BEZIER_KNOTS.);
#3331 = CARTESIAN_POINT('',(69.686591569767,-38.00417877907,4.));
#3332 = CARTESIAN_POINT('',(68.931231831395,-37.55450581395,4.));
#3333 = CARTESIAN_POINT('',(67.946947674419,-36.9140625,4.));
#3334 = ORIENTED_EDGE('',*,*,#3288,.F.);
#3335 = ORIENTED_EDGE('',*,*,#3336,.F.);
#3336 = EDGE_CURVE('',#3320,#3289,#3337,.T.);
#3337 = B_SPLINE_CURVE_WITH_KNOTS('',2,(#3338,#3339,#3340),
  .UNSPECIFIED.,.F.,.F.,(3,3),(0.,1.),.PIECEWISE_BEZIER_KNOTS.);
#3338 = CARTESIAN_POINT('',(69.686591569767,-38.00417877907,5.));
#3339 = CARTESIAN_POINT('',(68.931231831395,-37.55450581395,5.));
#3340 = CARTESIAN_POINT('',(67.946947674419,-36.9140625,5.));
#3341 = SURFACE_OF_LINEAR_EXTRUSION('',#3342,#3346);
#3342 = B_SPLINE_CURVE_WITH_KNOTS('',2,(#3343,#3344,#3345),
  .UNSPECIFIED.,.F.,.F.,(3,3),(0.,1.),.PIECEWISE_BEZIER_KNOTS.);
#3343 = CARTESIAN_POINT('',(69.686591569767,-38.00417877907,5.));
#3344 = CARTESIAN_POINT('',(68.931231831395,-37.55450581395,5.));
#3345 = CARTESIAN_POINT('',(67.946947674419,-36.9140625,5.));
#3346 = VECTOR('',#3347,1.);
#3347 = DIRECTION('',(0.,-0.,1.));
#3348 = ADVANCED_FACE('',(#3349),#3374,.F.);
#3349 = FACE_BOUND('',#3350,.F.);
#3350 = EDGE_LOOP('',(#3351,#3361,#3367,#3368));
#3351 = ORIENTED_EDGE('',*,*,#3352,.T.);
#3352 = EDGE_CURVE('',#3353,#3355,#3357,.T.);
#3353 = VERTEX_POINT('',#3354);
#3354 = CARTESIAN_POINT('',(68.027797965116,-39.01934956395,5.));
#3355 = VERTEX_POINT('',#3356);
#3356 = CARTESIAN_POINT('',(68.027797965116,-39.01934956395,4.));
#3357 = LINE('',#3358,#3359);
#3358 = CARTESIAN_POINT('',(68.027797965116,-39.01934956395,5.));
#3359 = VECTOR('',#3360,1.);
#3360 = DIRECTION('',(-0.,0.,-1.));
#3361 = ORIENTED_EDGE('',*,*,#3362,.T.);
#3362 = EDGE_CURVE('',#3355,#3322,#3363,.T.);
#3363 = B_SPLINE_CURVE_WITH_KNOTS('',2,(#3364,#3365,#3366),
  .UNSPECIFIED.,.F.,.F.,(3,3),(0.,1.),.PIECEWISE_BEZIER_KNOTS.);
#3364 = CARTESIAN_POINT('',(68.027797965116,-39.01934956395,4.));
#3365 = CARTESIAN_POINT('',(68.875817587209,-38.47429142441,4.));
#3366 = CARTESIAN_POINT('',(69.686591569767,-38.00417877907,4.));
#3367 = ORIENTED_EDGE('',*,*,#3319,.F.);
#3368 = ORIENTED_EDGE('',*,*,#3369,.F.);
#3369 = EDGE_CURVE('',#3353,#3320,#3370,.T.);
#3370 = B_SPLINE_CURVE_WITH_KNOTS('',2,(#3371,#3372,#3373),
  .UNSPECIFIED.,.F.,.F.,(3,3),(0.,1.),.PIECEWISE_BEZIER_KNOTS.);
#3371 = CARTESIAN_POINT('',(68.027797965116,-39.01934956395,5.));
#3372 = CARTESIAN_POINT('',(68.875817587209,-38.47429142441,5.));
#3373 = CARTESIAN_POINT('',(69.686591569767,-38.00417877907,5.));
#3374 = SURFACE_OF_LINEAR_EXTRUSION('',#3375,#3379);
#3375 = B_SPLINE_CURVE_WITH_KNOTS('',2,(#3376,#3377,#3378),
  .UNSPECIFIED.,.F.,.F.,(3,3),(0.,1.),.PIECEWISE_BEZIER_KNOTS.);
#3376 = CARTESIAN_POINT('',(68.027797965116,-39.01934956395,5.));
#3377 = CARTESIAN_POINT('',(68.875817587209,-38.47429142441,5.));
#3378 = CARTESIAN_POINT('',(69.686591569767,-38.00417877907,5.));
#3379 = VECTOR('',#3380,1.);
#3380 = DIRECTION('',(0.,-0.,1.));
#3381 = ADVANCED_FACE('',(#3382),#3407,.F.);
#3382 = FACE_BOUND('',#3383,.F.);
#3383 = EDGE_LOOP('',(#3384,#3394,#3400,#3401));
#3384 = ORIENTED_EDGE('',*,*,#3385,.T.);
#3385 = EDGE_CURVE('',#3386,#3388,#3390,.T.);
#3386 = VERTEX_POINT('',#3387);
#3387 = CARTESIAN_POINT('',(65.,-40.98837209302,5.));
#3388 = VERTEX_POINT('',#3389);
#3389 = CARTESIAN_POINT('',(65.,-40.98837209302,4.));
#3390 = LINE('',#3391,#3392);
#3391 = CARTESIAN_POINT('',(65.,-40.98837209302,5.));
#3392 = VECTOR('',#3393,1.);
#3393 = DIRECTION('',(-0.,0.,-1.));
#3394 = ORIENTED_EDGE('',*,*,#3395,.T.);
#3395 = EDGE_CURVE('',#3388,#3355,#3396,.T.);
#3396 = LINE('',#3397,#3398);
#3397 = CARTESIAN_POINT('',(65.,-40.98837209302,4.));
#3398 = VECTOR('',#3399,1.);
#3399 = DIRECTION('',(0.838322918217,0.54517399497,0.));
#3400 = ORIENTED_EDGE('',*,*,#3352,.F.);
#3401 = ORIENTED_EDGE('',*,*,#3402,.F.);
#3402 = EDGE_CURVE('',#3386,#3353,#3403,.T.);
#3403 = LINE('',#3404,#3405);
#3404 = CARTESIAN_POINT('',(65.,-40.98837209302,5.));
#3405 = VECTOR('',#3406,1.);
#3406 = DIRECTION('',(0.838322918217,0.54517399497,0.));
#3407 = PLANE('',#3408);
#3408 = AXIS2_PLACEMENT_3D('',#3409,#3410,#3411);
#3409 = CARTESIAN_POINT('',(65.,-40.98837209302,5.));
#3410 = DIRECTION('',(0.54517399497,-0.838322918217,-0.));
#3411 = DIRECTION('',(0.838322918217,0.54517399497,0.));
#3412 = ADVANCED_FACE('',(#3413),#3438,.F.);
#3413 = FACE_BOUND('',#3414,.F.);
#3414 = EDGE_LOOP('',(#3415,#3425,#3431,#3432));
#3415 = ORIENTED_EDGE('',*,*,#3416,.T.);
#3416 = EDGE_CURVE('',#3417,#3419,#3421,.T.);
#3417 = VERTEX_POINT('',#3418);
#3418 = CARTESIAN_POINT('',(65.,-42.59629360465,5.));
#3419 = VERTEX_POINT('',#3420);
#3420 = CARTESIAN_POINT('',(65.,-42.59629360465,4.));
#3421 = LINE('',#3422,#3423);
#3422 = CARTESIAN_POINT('',(65.,-42.59629360465,5.));
#3423 = VECTOR('',#3424,1.);
#3424 = DIRECTION('',(-0.,0.,-1.));
#3425 = ORIENTED_EDGE('',*,*,#3426,.T.);
#3426 = EDGE_CURVE('',#3419,#3388,#3427,.T.);
#3427 = LINE('',#3428,#3429);
#3428 = CARTESIAN_POINT('',(65.,-42.59629360465,4.));
#3429 = VECTOR('',#3430,1.);
#3430 = DIRECTION('',(2.22044604925E-16,1.,0.));
#3431 = ORIENTED_EDGE('',*,*,#3385,.F.);
#3432 = ORIENTED_EDGE('',*,*,#3433,.F.);
#3433 = EDGE_CURVE('',#3417,#3386,#3434,.T.);
#3434 = LINE('',#3435,#3436);
#3435 = CARTESIAN_POINT('',(65.,-42.59629360465,5.));
#3436 = VECTOR('',#3437,1.);
#3437 = DIRECTION('',(2.22044604925E-16,1.,0.));
#3438 = PLANE('',#3439);
#3439 = AXIS2_PLACEMENT_3D('',#3440,#3441,#3442);
#3440 = CARTESIAN_POINT('',(65.,-42.59629360465,5.));
#3441 = DIRECTION('',(1.,-2.22044604925E-16,-0.));
#3442 = DIRECTION('',(2.22044604925E-16,1.,0.));
#3443 = ADVANCED_FACE('',(#3444),#3460,.F.);
#3444 = FACE_BOUND('',#3445,.F.);
#3445 = EDGE_LOOP('',(#3446,#3447,#3453,#3454));
#3446 = ORIENTED_EDGE('',*,*,#3142,.T.);
#3447 = ORIENTED_EDGE('',*,*,#3448,.T.);
#3448 = EDGE_CURVE('',#3135,#3419,#3449,.T.);
#3449 = LINE('',#3450,#3451);
#3450 = CARTESIAN_POINT('',(70.763989825581,-38.74682049418,4.));
#3451 = VECTOR('',#3452,1.);
#3452 = DIRECTION('',(-0.831596335556,-0.555380531429,0.));
#3453 = ORIENTED_EDGE('',*,*,#3416,.F.);
#3454 = ORIENTED_EDGE('',*,*,#3455,.F.);
#3455 = EDGE_CURVE('',#3143,#3417,#3456,.T.);
#3456 = LINE('',#3457,#3458);
#3457 = CARTESIAN_POINT('',(70.763989825581,-38.74682049418,5.));
#3458 = VECTOR('',#3459,1.);
#3459 = DIRECTION('',(-0.831596335556,-0.555380531429,0.));
#3460 = PLANE('',#3461);
#3461 = AXIS2_PLACEMENT_3D('',#3462,#3463,#3464);
#3462 = CARTESIAN_POINT('',(70.763989825581,-38.74682049418,5.));
#3463 = DIRECTION('',(-0.555380531429,0.831596335556,0.));
#3464 = DIRECTION('',(-0.831596335556,-0.555380531429,0.));
#3465 = ADVANCED_FACE('',(#3466),#3479,.T.);
#3466 = FACE_BOUND('',#3467,.T.);
#3467 = EDGE_LOOP('',(#3468,#3469,#3470,#3471,#3472,#3473,#3474,#3475,
    #3476,#3477,#3478));
#3468 = ORIENTED_EDGE('',*,*,#3150,.F.);
#3469 = ORIENTED_EDGE('',*,*,#3181,.F.);
#3470 = ORIENTED_EDGE('',*,*,#3212,.F.);
#3471 = ORIENTED_EDGE('',*,*,#3243,.F.);
#3472 = ORIENTED_EDGE('',*,*,#3274,.F.);
#3473 = ORIENTED_EDGE('',*,*,#3305,.F.);
#3474 = ORIENTED_EDGE('',*,*,#3336,.F.);
#3475 = ORIENTED_EDGE('',*,*,#3369,.F.);
#3476 = ORIENTED_EDGE('',*,*,#3402,.F.);
#3477 = ORIENTED_EDGE('',*,*,#3433,.F.);
#3478 = ORIENTED_EDGE('',*,*,#3455,.F.);
#3479 = PLANE('',#3480);
#3480 = AXIS2_PLACEMENT_3D('',#3481,#3482,#3483);
#3481 = CARTESIAN_POINT('',(68.844614970051,-38.03965273381,5.));
#3482 = DIRECTION('',(0.,0.,1.));
#3483 = DIRECTION('',(2.22044604925E-16,1.,0.));
#3484 = ADVANCED_FACE('',(#3485),#3498,.F.);
#3485 = FACE_BOUND('',#3486,.F.);
#3486 = EDGE_LOOP('',(#3487,#3488,#3489,#3490,#3491,#3492,#3493,#3494,
    #3495,#3496,#3497));
#3487 = ORIENTED_EDGE('',*,*,#3134,.F.);
#3488 = ORIENTED_EDGE('',*,*,#3174,.F.);
#3489 = ORIENTED_EDGE('',*,*,#3205,.F.);
#3490 = ORIENTED_EDGE('',*,*,#3236,.F.);
#3491 = ORIENTED_EDGE('',*,*,#3267,.F.);
#3492 = ORIENTED_EDGE('',*,*,#3298,.F.);
#3493 = ORIENTED_EDGE('',*,*,#3329,.F.);
#3494 = ORIENTED_EDGE('',*,*,#3362,.F.);
#3495 = ORIENTED_EDGE('',*,*,#3395,.F.);
#3496 = ORIENTED_EDGE('',*,*,#3426,.F.);
#3497 = ORIENTED_EDGE('',*,*,#3448,.F.);
#3498 = PLANE('',#3499);
#3499 = AXIS2_PLACEMENT_3D('',#3500,#3501,#3502);
#3500 = CARTESIAN_POINT('',(68.844614970051,-38.03965273381,4.));
#3501 = DIRECTION('',(0.,0.,1.));
#3502 = DIRECTION('',(2.22044604925E-16,1.,0.));
#3503 = ( GEOMETRIC_REPRESENTATION_CONTEXT(3) 
GLOBAL_UNCERTAINTY_ASSIGNED_CONTEXT((#3507)) 
GLOBAL_UNIT_ASSIGNED_CONTEXT((#3504,#3505,#3506)) REPRESENTATION_CONTEXT
('Context #1','3D Context with UNIT and UNCERTAINTY') );
#3504 = ( LENGTH_UNIT() NAMED_UNIT(*) SI_UNIT(.MILLI.,.METRE.) );
#3505 = ( NAMED_UNIT(*) PLANE_ANGLE_UNIT() SI_UNIT($,.RADIAN.) );
#3506 = ( NAMED_UNIT(*) SI_UNIT($,.STERADIAN.) SOLID_ANGLE_UNIT() );
#3507 = UNCERTAINTY_MEASURE_WITH_UNIT(LENGTH_MEASURE(1.E-07),#3504,
  'distance_accuracy_value','confusion accuracy');
#3508 = CONTEXT_DEPENDENT_SHAPE_REPRESENTATION(#3509,#3511);
#3509 = ( REPRESENTATION_RELATIONSHIP('','',#3117,#10) 
REPRESENTATION_RELATIONSHIP_WITH_TRANSFORMATION(#3510) 
SHAPE_REPRESENTATION_RELATIONSHIP() );
#3510 = ITEM_DEFINED_TRANSFORMATION('','',#11,#47);
#3511 = PRODUCT_DEFINITION_SHAPE('Placement','Placement of an item',
  #3512);
#3512 = NEXT_ASSEMBLY_USAGE_OCCURRENCE('16','=>[0:1:1:9]','',#5,#3112,$
  );
#3513 = PRODUCT_RELATED_PRODUCT_CATEGORY('part',$,(#3114));
#3514 = SHAPE_DEFINITION_REPRESENTATION(#3515,#3521);
#3515 = PRODUCT_DEFINITION_SHAPE('','',#3516);
#3516 = PRODUCT_DEFINITION('design','',#3517,#3520);
#3517 = PRODUCT_DEFINITION_FORMATION('','',#3518);
#3518 = PRODUCT('Face003','Face003','',(#3519));
#3519 = PRODUCT_CONTEXT('',#2,'mechanical');
#3520 = PRODUCT_DEFINITION_CONTEXT('part definition',#2,'design');
#3521 = MANIFOLD_SURFACE_SHAPE_REPRESENTATION('',(#11,#3522),#3628);
#3522 = SHELL_BASED_SURFACE_MODEL('',(#3523));
#3523 = OPEN_SHELL('',(#3524));
#3524 = ADVANCED_FACE('',(#3525),#3623,.T.);
#3525 = FACE_BOUND('',#3526,.T.);
#3526 = EDGE_LOOP('',(#3527,#3537,#3545,#3553,#3561,#3569,#3577,#3585,
    #3593,#3601,#3609,#3617));
#3527 = ORIENTED_EDGE('',*,*,#3528,.F.);
#3528 = EDGE_CURVE('',#3529,#3531,#3533,.T.);
#3529 = VERTEX_POINT('',#3530);
#3530 = CARTESIAN_POINT('',(3.495185319767,1.627906976744,0.));
#3531 = VERTEX_POINT('',#3532);
#3532 = CARTESIAN_POINT('',(3.495185319767,4.360465116279,0.));
#3533 = LINE('',#3534,#3535);
#3534 = CARTESIAN_POINT('',(3.495185319767,1.627906976744,0.));
#3535 = VECTOR('',#3536,1.);
#3536 = DIRECTION('',(0.,1.,0.));
#3537 = ORIENTED_EDGE('',*,*,#3538,.F.);
#3538 = EDGE_CURVE('',#3539,#3529,#3541,.T.);
#3539 = VERTEX_POINT('',#3540);
#3540 = CARTESIAN_POINT('',(4.653433866279,1.627906976744,0.));
#3541 = LINE('',#3542,#3543);
#3542 = CARTESIAN_POINT('',(4.653433866279,1.627906976744,0.));
#3543 = VECTOR('',#3544,1.);
#3544 = DIRECTION('',(-1.,0.,0.));
#3545 = ORIENTED_EDGE('',*,*,#3546,.F.);
#3546 = EDGE_CURVE('',#3547,#3539,#3549,.T.);
#3547 = VERTEX_POINT('',#3548);
#3548 = CARTESIAN_POINT('',(4.653433866279,4.360465116279,0.));
#3549 = LINE('',#3550,#3551);
#3550 = CARTESIAN_POINT('',(4.653433866279,4.360465116279,0.));
#3551 = VECTOR('',#3552,1.);
#3552 = DIRECTION('',(0.,-1.,-0.));
#3553 = ORIENTED_EDGE('',*,*,#3554,.F.);
#3554 = EDGE_CURVE('',#3555,#3547,#3557,.T.);
#3555 = VERTEX_POINT('',#3556);
#3556 = CARTESIAN_POINT('',(7.371911337209,4.360465116279,0.));
#3557 = LINE('',#3558,#3559);
#3558 = CARTESIAN_POINT('',(7.371911337209,4.360465116279,0.));
#3559 = VECTOR('',#3560,1.);
#3560 = DIRECTION('',(-1.,0.,0.));
#3561 = ORIENTED_EDGE('',*,*,#3562,.F.);
#3562 = EDGE_CURVE('',#3563,#3555,#3565,.T.);
#3563 = VERTEX_POINT('',#3564);
#3564 = CARTESIAN_POINT('',(7.371911337209,5.494186046512,0.));
#3565 = LINE('',#3566,#3567);
#3566 = CARTESIAN_POINT('',(7.371911337209,5.494186046512,0.));
#3567 = VECTOR('',#3568,1.);
#3568 = DIRECTION('',(0.,-1.,-0.));
#3569 = ORIENTED_EDGE('',*,*,#3570,.F.);
#3570 = EDGE_CURVE('',#3571,#3563,#3573,.T.);
#3571 = VERTEX_POINT('',#3572);
#3572 = CARTESIAN_POINT('',(4.653433866279,5.494186046512,0.));
#3573 = LINE('',#3574,#3575);
#3574 = CARTESIAN_POINT('',(4.653433866279,5.494186046512,0.));
#3575 = VECTOR('',#3576,1.);
#3576 = DIRECTION('',(1.,0.,0.));
#3577 = ORIENTED_EDGE('',*,*,#3578,.F.);
#3578 = EDGE_CURVE('',#3579,#3571,#3581,.T.);
#3579 = VERTEX_POINT('',#3580);
#3580 = CARTESIAN_POINT('',(4.653433866279,8.226744186047,0.));
#3581 = LINE('',#3582,#3583);
#3582 = CARTESIAN_POINT('',(4.653433866279,8.226744186047,0.));
#3583 = VECTOR('',#3584,1.);
#3584 = DIRECTION('',(0.,-1.,-0.));
#3585 = ORIENTED_EDGE('',*,*,#3586,.F.);
#3586 = EDGE_CURVE('',#3587,#3579,#3589,.T.);
#3587 = VERTEX_POINT('',#3588);
#3588 = CARTESIAN_POINT('',(3.495185319767,8.226744186047,0.));
#3589 = LINE('',#3590,#3591);
#3590 = CARTESIAN_POINT('',(3.495185319767,8.226744186047,0.));
#3591 = VECTOR('',#3592,1.);
#3592 = DIRECTION('',(1.,0.,0.));
#3593 = ORIENTED_EDGE('',*,*,#3594,.F.);
#3594 = EDGE_CURVE('',#3595,#3587,#3597,.T.);
#3595 = VERTEX_POINT('',#3596);
#3596 = CARTESIAN_POINT('',(3.495185319767,5.494186046512,0.));
#3597 = LINE('',#3598,#3599);
#3598 = CARTESIAN_POINT('',(3.495185319767,5.494186046512,0.));
#3599 = VECTOR('',#3600,1.);
#3600 = DIRECTION('',(0.,1.,0.));
#3601 = ORIENTED_EDGE('',*,*,#3602,.F.);
#3602 = EDGE_CURVE('',#3603,#3595,#3605,.T.);
#3603 = VERTEX_POINT('',#3604);
#3604 = CARTESIAN_POINT('',(0.776707848837,5.494186046512,0.));
#3605 = LINE('',#3606,#3607);
#3606 = CARTESIAN_POINT('',(0.776707848837,5.494186046512,0.));
#3607 = VECTOR('',#3608,1.);
#3608 = DIRECTION('',(1.,0.,0.));
#3609 = ORIENTED_EDGE('',*,*,#3610,.F.);
#3610 = EDGE_CURVE('',#3611,#3603,#3613,.T.);
#3611 = VERTEX_POINT('',#3612);
#3612 = CARTESIAN_POINT('',(0.776707848837,4.360465116279,0.));
#3613 = LINE('',#3614,#3615);
#3614 = CARTESIAN_POINT('',(0.776707848837,4.360465116279,0.));
#3615 = VECTOR('',#3616,1.);
#3616 = DIRECTION('',(0.,1.,0.));
#3617 = ORIENTED_EDGE('',*,*,#3618,.F.);
#3618 = EDGE_CURVE('',#3531,#3611,#3619,.T.);
#3619 = LINE('',#3620,#3621);
#3620 = CARTESIAN_POINT('',(3.495185319767,4.360465116279,0.));
#3621 = VECTOR('',#3622,1.);
#3622 = DIRECTION('',(-1.,0.,0.));
#3623 = PLANE('',#3624);
#3624 = AXIS2_PLACEMENT_3D('',#3625,#3626,#3627);
#3625 = CARTESIAN_POINT('',(4.074309593023,4.927325581395,0.));
#3626 = DIRECTION('',(0.,0.,1.));
#3627 = DIRECTION('',(1.,0.,-0.));
#3628 = ( GEOMETRIC_REPRESENTATION_CONTEXT(3) 
GLOBAL_UNCERTAINTY_ASSIGNED_CONTEXT((#3632)) 
GLOBAL_UNIT_ASSIGNED_CONTEXT((#3629,#3630,#3631)) REPRESENTATION_CONTEXT
('Context #1','3D Context with UNIT and UNCERTAINTY') );
#3629 = ( LENGTH_UNIT() NAMED_UNIT(*) SI_UNIT(.MILLI.,.METRE.) );
#3630 = ( NAMED_UNIT(*) PLANE_ANGLE_UNIT() SI_UNIT($,.RADIAN.) );
#3631 = ( NAMED_UNIT(*) SI_UNIT($,.STERADIAN.) SOLID_ANGLE_UNIT() );
#3632 = UNCERTAINTY_MEASURE_WITH_UNIT(LENGTH_MEASURE(1.E-07),#3629,
  'distance_accuracy_value','confusion accuracy');
#3633 = CONTEXT_DEPENDENT_SHAPE_REPRESENTATION(#3634,#3636);
#3634 = ( REPRESENTATION_RELATIONSHIP('','',#3521,#10) 
REPRESENTATION_RELATIONSHIP_WITH_TRANSFORMATION(#3635) 
SHAPE_REPRESENTATION_RELATIONSHIP() );
#3635 = ITEM_DEFINED_TRANSFORMATION('','',#11,#51);
#3636 = PRODUCT_DEFINITION_SHAPE('Placement','Placement of an item',
  #3637);
#3637 = NEXT_ASSEMBLY_USAGE_OCCURRENCE('17','=>[0:1:1:10]','',#5,#3516,$
  );
#3638 = PRODUCT_RELATED_PRODUCT_CATEGORY('part',$,(#3518));
#3639 = SHAPE_DEFINITION_REPRESENTATION(#3640,#3646);
#3640 = PRODUCT_DEFINITION_SHAPE('','',#3641);
#3641 = PRODUCT_DEFINITION('design','',#3642,#3645);
#3642 = PRODUCT_DEFINITION_FORMATION('','',#3643);
#3643 = PRODUCT('+Y','+Y','',(#3644));
#3644 = PRODUCT_CONTEXT('',#2,'mechanical');
#3645 = PRODUCT_DEFINITION_CONTEXT('part definition',#2,'design');
#3646 = ADVANCED_BREP_SHAPE_REPRESENTATION('',(#11,#3647),#4061);
#3647 = MANIFOLD_SOLID_BREP('',#3648);
#3648 = CLOSED_SHELL('',(#3649,#3689,#3720,#3751,#3782,#3813,#3844,#3875
    ,#3906,#3937,#3968,#3999,#4021,#4041));
#3649 = ADVANCED_FACE('',(#3650),#3684,.F.);
#3650 = FACE_BOUND('',#3651,.F.);
#3651 = EDGE_LOOP('',(#3652,#3662,#3670,#3678));
#3652 = ORIENTED_EDGE('',*,*,#3653,.T.);
#3653 = EDGE_CURVE('',#3654,#3656,#3658,.T.);
#3654 = VERTEX_POINT('',#3655);
#3655 = CARTESIAN_POINT('',(73.372093023256,-47.28152252907,5.));
#3656 = VERTEX_POINT('',#3657);
#3657 = CARTESIAN_POINT('',(73.372093023256,-47.28152252907,4.));
#3658 = LINE('',#3659,#3660);
#3659 = CARTESIAN_POINT('',(73.372093023256,-47.28152252907,5.));
#3660 = VECTOR('',#3661,1.);
#3661 = DIRECTION('',(-0.,0.,-1.));
#3662 = ORIENTED_EDGE('',*,*,#3663,.T.);
#3663 = EDGE_CURVE('',#3656,#3664,#3666,.T.);
#3664 = VERTEX_POINT('',#3665);
#3665 = CARTESIAN_POINT('',(70.639534883721,-47.28152252907,4.));
#3666 = LINE('',#3667,#3668);
#3667 = CARTESIAN_POINT('',(73.372093023256,-47.28152252907,4.));
#3668 = VECTOR('',#3669,1.);
#3669 = DIRECTION('',(-1.,2.22044604925E-16,0.));
#3670 = ORIENTED_EDGE('',*,*,#3671,.F.);
#3671 = EDGE_CURVE('',#3672,#3664,#3674,.T.);
#3672 = VERTEX_POINT('',#3673);
#3673 = CARTESIAN_POINT('',(70.639534883721,-47.28152252907,5.));
#3674 = LINE('',#3675,#3676);
#3675 = CARTESIAN_POINT('',(70.639534883721,-47.28152252907,5.));
#3676 = VECTOR('',#3677,1.);
#3677 = DIRECTION('',(-0.,0.,-1.));
#3678 = ORIENTED_EDGE('',*,*,#3679,.F.);
#3679 = EDGE_CURVE('',#3654,#3672,#3680,.T.);
#3680 = LINE('',#3681,#3682);
#3681 = CARTESIAN_POINT('',(73.372093023256,-47.28152252907,5.));
#3682 = VECTOR('',#3683,1.);
#3683 = DIRECTION('',(-1.,2.22044604925E-16,0.));
#3684 = PLANE('',#3685);
#3685 = AXIS2_PLACEMENT_3D('',#3686,#3687,#3688);
#3686 = CARTESIAN_POINT('',(73.372093023256,-47.28152252907,5.));
#3687 = DIRECTION('',(2.22044604925E-16,1.,0.));
#3688 = DIRECTION('',(-1.,2.22044604925E-16,0.));
#3689 = ADVANCED_FACE('',(#3690),#3715,.F.);
#3690 = FACE_BOUND('',#3691,.F.);
#3691 = EDGE_LOOP('',(#3692,#3702,#3708,#3709));
#3692 = ORIENTED_EDGE('',*,*,#3693,.T.);
#3693 = EDGE_CURVE('',#3694,#3696,#3698,.T.);
#3694 = VERTEX_POINT('',#3695);
#3695 = CARTESIAN_POINT('',(73.372093023256,-46.12327398255,5.));
#3696 = VERTEX_POINT('',#3697);
#3697 = CARTESIAN_POINT('',(73.372093023256,-46.12327398255,4.));
#3698 = LINE('',#3699,#3700);
#3699 = CARTESIAN_POINT('',(73.372093023256,-46.12327398255,5.));
#3700 = VECTOR('',#3701,1.);
#3701 = DIRECTION('',(-0.,0.,-1.));
#3702 = ORIENTED_EDGE('',*,*,#3703,.T.);
#3703 = EDGE_CURVE('',#3696,#3656,#3704,.T.);
#3704 = LINE('',#3705,#3706);
#3705 = CARTESIAN_POINT('',(73.372093023256,-46.12327398255,4.));
#3706 = VECTOR('',#3707,1.);
#3707 = DIRECTION('',(-2.22044604925E-16,-1.,0.));
#3708 = ORIENTED_EDGE('',*,*,#3653,.F.);
#3709 = ORIENTED_EDGE('',*,*,#3710,.F.);
#3710 = EDGE_CURVE('',#3694,#3654,#3711,.T.);
#3711 = LINE('',#3712,#3713);
#3712 = CARTESIAN_POINT('',(73.372093023256,-46.12327398255,5.));
#3713 = VECTOR('',#3714,1.);
#3714 = DIRECTION('',(-2.22044604925E-16,-1.,0.));
#3715 = PLANE('',#3716);
#3716 = AXIS2_PLACEMENT_3D('',#3717,#3718,#3719);
#3717 = CARTESIAN_POINT('',(73.372093023256,-46.12327398255,5.));
#3718 = DIRECTION('',(-1.,2.22044604925E-16,0.));
#3719 = DIRECTION('',(-2.22044604925E-16,-1.,0.));
#3720 = ADVANCED_FACE('',(#3721),#3746,.F.);
#3721 = FACE_BOUND('',#3722,.F.);
#3722 = EDGE_LOOP('',(#3723,#3733,#3739,#3740));
#3723 = ORIENTED_EDGE('',*,*,#3724,.T.);
#3724 = EDGE_CURVE('',#3725,#3727,#3729,.T.);
#3725 = VERTEX_POINT('',#3726);
#3726 = CARTESIAN_POINT('',(70.639534883721,-46.12327398255,5.));
#3727 = VERTEX_POINT('',#3728);
#3728 = CARTESIAN_POINT('',(70.639534883721,-46.12327398255,4.));
#3729 = LINE('',#3730,#3731);
#3730 = CARTESIAN_POINT('',(70.639534883721,-46.12327398255,5.));
#3731 = VECTOR('',#3732,1.);
#3732 = DIRECTION('',(-0.,0.,-1.));
#3733 = ORIENTED_EDGE('',*,*,#3734,.T.);
#3734 = EDGE_CURVE('',#3727,#3696,#3735,.T.);
#3735 = LINE('',#3736,#3737);
#3736 = CARTESIAN_POINT('',(70.639534883721,-46.12327398255,4.));
#3737 = VECTOR('',#3738,1.);
#3738 = DIRECTION('',(1.,-2.22044604925E-16,0.));
#3739 = ORIENTED_EDGE('',*,*,#3693,.F.);
#3740 = ORIENTED_EDGE('',*,*,#3741,.F.);
#3741 = EDGE_CURVE('',#3725,#3694,#3742,.T.);
#3742 = LINE('',#3743,#3744);
#3743 = CARTESIAN_POINT('',(70.639534883721,-46.12327398255,5.));
#3744 = VECTOR('',#3745,1.);
#3745 = DIRECTION('',(1.,-2.22044604925E-16,0.));
#3746 = PLANE('',#3747);
#3747 = AXIS2_PLACEMENT_3D('',#3748,#3749,#3750);
#3748 = CARTESIAN_POINT('',(70.639534883721,-46.12327398255,5.));
#3749 = DIRECTION('',(-2.22044604925E-16,-1.,0.));
#3750 = DIRECTION('',(1.,-2.22044604925E-16,0.));
#3751 = ADVANCED_FACE('',(#3752),#3777,.F.);
#3752 = FACE_BOUND('',#3753,.F.);
#3753 = EDGE_LOOP('',(#3754,#3764,#3770,#3771));
#3754 = ORIENTED_EDGE('',*,*,#3755,.T.);
#3755 = EDGE_CURVE('',#3756,#3758,#3760,.T.);
#3756 = VERTEX_POINT('',#3757);
#3757 = CARTESIAN_POINT('',(70.639534883721,-43.40479651162,5.));
#3758 = VERTEX_POINT('',#3759);
#3759 = CARTESIAN_POINT('',(70.639534883721,-43.40479651162,4.));
#3760 = LINE('',#3761,#3762);
#3761 = CARTESIAN_POINT('',(70.639534883721,-43.40479651162,5.));
#3762 = VECTOR('',#3763,1.);
#3763 = DIRECTION('',(-0.,0.,-1.));
#3764 = ORIENTED_EDGE('',*,*,#3765,.T.);
#3765 = EDGE_CURVE('',#3758,#3727,#3766,.T.);
#3766 = LINE('',#3767,#3768);
#3767 = CARTESIAN_POINT('',(70.639534883721,-43.40479651162,4.));
#3768 = VECTOR('',#3769,1.);
#3769 = DIRECTION('',(-2.22044604925E-16,-1.,0.));
#3770 = ORIENTED_EDGE('',*,*,#3724,.F.);
#3771 = ORIENTED_EDGE('',*,*,#3772,.F.);
#3772 = EDGE_CURVE('',#3756,#3725,#3773,.T.);
#3773 = LINE('',#3774,#3775);
#3774 = CARTESIAN_POINT('',(70.639534883721,-43.40479651162,5.));
#3775 = VECTOR('',#3776,1.);
#3776 = DIRECTION('',(-2.22044604925E-16,-1.,0.));
#3777 = PLANE('',#3778);
#3778 = AXIS2_PLACEMENT_3D('',#3779,#3780,#3781);
#3779 = CARTESIAN_POINT('',(70.639534883721,-43.40479651162,5.));
#3780 = DIRECTION('',(-1.,2.22044604925E-16,0.));
#3781 = DIRECTION('',(-2.22044604925E-16,-1.,0.));
#3782 = ADVANCED_FACE('',(#3783),#3808,.F.);
#3783 = FACE_BOUND('',#3784,.F.);
#3784 = EDGE_LOOP('',(#3785,#3795,#3801,#3802));
#3785 = ORIENTED_EDGE('',*,*,#3786,.T.);
#3786 = EDGE_CURVE('',#3787,#3789,#3791,.T.);
#3787 = VERTEX_POINT('',#3788);
#3788 = CARTESIAN_POINT('',(69.505813953488,-43.40479651162,5.));
#3789 = VERTEX_POINT('',#3790);
#3790 = CARTESIAN_POINT('',(69.505813953488,-43.40479651162,4.));
#3791 = LINE('',#3792,#3793);
#3792 = CARTESIAN_POINT('',(69.505813953488,-43.40479651162,5.));
#3793 = VECTOR('',#3794,1.);
#3794 = DIRECTION('',(-0.,0.,-1.));
#3795 = ORIENTED_EDGE('',*,*,#3796,.T.);
#3796 = EDGE_CURVE('',#3789,#3758,#3797,.T.);
#3797 = LINE('',#3798,#3799);
#3798 = CARTESIAN_POINT('',(69.505813953488,-43.40479651162,4.));
#3799 = VECTOR('',#3800,1.);
#3800 = DIRECTION('',(1.,-2.22044604925E-16,0.));
#3801 = ORIENTED_EDGE('',*,*,#3755,.F.);
#3802 = ORIENTED_EDGE('',*,*,#3803,.F.);
#3803 = EDGE_CURVE('',#3787,#3756,#3804,.T.);
#3804 = LINE('',#3805,#3806);
#3805 = CARTESIAN_POINT('',(69.505813953488,-43.40479651162,5.));
#3806 = VECTOR('',#3807,1.);
#3807 = DIRECTION('',(1.,-2.22044604925E-16,0.));
#3808 = PLANE('',#3809);
#3809 = AXIS2_PLACEMENT_3D('',#3810,#3811,#3812);
#3810 = CARTESIAN_POINT('',(69.505813953488,-43.40479651162,5.));
#3811 = DIRECTION('',(-2.22044604925E-16,-1.,0.));
#3812 = DIRECTION('',(1.,-2.22044604925E-16,0.));
#3813 = ADVANCED_FACE('',(#3814),#3839,.F.);
#3814 = FACE_BOUND('',#3815,.F.);
#3815 = EDGE_LOOP('',(#3816,#3826,#3832,#3833));
#3816 = ORIENTED_EDGE('',*,*,#3817,.T.);
#3817 = EDGE_CURVE('',#3818,#3820,#3822,.T.);
#3818 = VERTEX_POINT('',#3819);
#3819 = CARTESIAN_POINT('',(69.505813953488,-46.12327398255,5.));
#3820 = VERTEX_POINT('',#3821);
#3821 = CARTESIAN_POINT('',(69.505813953488,-46.12327398255,4.));
#3822 = LINE('',#3823,#3824);
#3823 = CARTESIAN_POINT('',(69.505813953488,-46.12327398255,5.));
#3824 = VECTOR('',#3825,1.);
#3825 = DIRECTION('',(-0.,0.,-1.));
#3826 = ORIENTED_EDGE('',*,*,#3827,.T.);
#3827 = EDGE_CURVE('',#3820,#3789,#3828,.T.);
#3828 = LINE('',#3829,#3830);
#3829 = CARTESIAN_POINT('',(69.505813953488,-46.12327398255,4.));
#3830 = VECTOR('',#3831,1.);
#3831 = DIRECTION('',(2.22044604925E-16,1.,0.));
#3832 = ORIENTED_EDGE('',*,*,#3786,.F.);
#3833 = ORIENTED_EDGE('',*,*,#3834,.F.);
#3834 = EDGE_CURVE('',#3818,#3787,#3835,.T.);
#3835 = LINE('',#3836,#3837);
#3836 = CARTESIAN_POINT('',(69.505813953488,-46.12327398255,5.));
#3837 = VECTOR('',#3838,1.);
#3838 = DIRECTION('',(2.22044604925E-16,1.,0.));
#3839 = PLANE('',#3840);
#3840 = AXIS2_PLACEMENT_3D('',#3841,#3842,#3843);
#3841 = CARTESIAN_POINT('',(69.505813953488,-46.12327398255,5.));
#3842 = DIRECTION('',(1.,-2.22044604925E-16,-0.));
#3843 = DIRECTION('',(2.22044604925E-16,1.,0.));
#3844 = ADVANCED_FACE('',(#3845),#3870,.F.);
#3845 = FACE_BOUND('',#3846,.F.);
#3846 = EDGE_LOOP('',(#3847,#3857,#3863,#3864));
#3847 = ORIENTED_EDGE('',*,*,#3848,.T.);
#3848 = EDGE_CURVE('',#3849,#3851,#3853,.T.);
#3849 = VERTEX_POINT('',#3850);
#3850 = CARTESIAN_POINT('',(66.773255813953,-46.12327398255,5.));
#3851 = VERTEX_POINT('',#3852);
#3852 = CARTESIAN_POINT('',(66.773255813953,-46.12327398255,4.));
#3853 = LINE('',#3854,#3855);
#3854 = CARTESIAN_POINT('',(66.773255813953,-46.12327398255,5.));
#3855 = VECTOR('',#3856,1.);
#3856 = DIRECTION('',(-0.,0.,-1.));
#3857 = ORIENTED_EDGE('',*,*,#3858,.T.);
#3858 = EDGE_CURVE('',#3851,#3820,#3859,.T.);
#3859 = LINE('',#3860,#3861);
#3860 = CARTESIAN_POINT('',(66.773255813953,-46.12327398255,4.));
#3861 = VECTOR('',#3862,1.);
#3862 = DIRECTION('',(1.,-2.22044604925E-16,0.));
#3863 = ORIENTED_EDGE('',*,*,#3817,.F.);
#3864 = ORIENTED_EDGE('',*,*,#3865,.F.);
#3865 = EDGE_CURVE('',#3849,#3818,#3866,.T.);
#3866 = LINE('',#3867,#3868);
#3867 = CARTESIAN_POINT('',(66.773255813953,-46.12327398255,5.));
#3868 = VECTOR('',#3869,1.);
#3869 = DIRECTION('',(1.,-2.22044604925E-16,0.));
#3870 = PLANE('',#3871);
#3871 = AXIS2_PLACEMENT_3D('',#3872,#3873,#3874);
#3872 = CARTESIAN_POINT('',(66.773255813953,-46.12327398255,5.));
#3873 = DIRECTION('',(-2.22044604925E-16,-1.,0.));
#3874 = DIRECTION('',(1.,-2.22044604925E-16,0.));
#3875 = ADVANCED_FACE('',(#3876),#3901,.F.);
#3876 = FACE_BOUND('',#3877,.F.);
#3877 = EDGE_LOOP('',(#3878,#3888,#3894,#3895));
#3878 = ORIENTED_EDGE('',*,*,#3879,.T.);
#3879 = EDGE_CURVE('',#3880,#3882,#3884,.T.);
#3880 = VERTEX_POINT('',#3881);
#3881 = CARTESIAN_POINT('',(66.773255813953,-47.28152252907,5.));
#3882 = VERTEX_POINT('',#3883);
#3883 = CARTESIAN_POINT('',(66.773255813953,-47.28152252907,4.));
#3884 = LINE('',#3885,#3886);
#3885 = CARTESIAN_POINT('',(66.773255813953,-47.28152252907,5.));
#3886 = VECTOR('',#3887,1.);
#3887 = DIRECTION('',(-0.,0.,-1.));
#3888 = ORIENTED_EDGE('',*,*,#3889,.T.);
#3889 = EDGE_CURVE('',#3882,#3851,#3890,.T.);
#3890 = LINE('',#3891,#3892);
#3891 = CARTESIAN_POINT('',(66.773255813953,-47.28152252907,4.));
#3892 = VECTOR('',#3893,1.);
#3893 = DIRECTION('',(2.22044604925E-16,1.,0.));
#3894 = ORIENTED_EDGE('',*,*,#3848,.F.);
#3895 = ORIENTED_EDGE('',*,*,#3896,.F.);
#3896 = EDGE_CURVE('',#3880,#3849,#3897,.T.);
#3897 = LINE('',#3898,#3899);
#3898 = CARTESIAN_POINT('',(66.773255813953,-47.28152252907,5.));
#3899 = VECTOR('',#3900,1.);
#3900 = DIRECTION('',(2.22044604925E-16,1.,0.));
#3901 = PLANE('',#3902);
#3902 = AXIS2_PLACEMENT_3D('',#3903,#3904,#3905);
#3903 = CARTESIAN_POINT('',(66.773255813953,-47.28152252907,5.));
#3904 = DIRECTION('',(1.,-2.22044604925E-16,-0.));
#3905 = DIRECTION('',(2.22044604925E-16,1.,0.));
#3906 = ADVANCED_FACE('',(#3907),#3932,.F.);
#3907 = FACE_BOUND('',#3908,.F.);
#3908 = EDGE_LOOP('',(#3909,#3919,#3925,#3926));
#3909 = ORIENTED_EDGE('',*,*,#3910,.T.);
#3910 = EDGE_CURVE('',#3911,#3913,#3915,.T.);
#3911 = VERTEX_POINT('',#3912);
#3912 = CARTESIAN_POINT('',(69.505813953488,-47.28152252907,5.));
#3913 = VERTEX_POINT('',#3914);
#3914 = CARTESIAN_POINT('',(69.505813953488,-47.28152252907,4.));
#3915 = LINE('',#3916,#3917);
#3916 = CARTESIAN_POINT('',(69.505813953488,-47.28152252907,5.));
#3917 = VECTOR('',#3918,1.);
#3918 = DIRECTION('',(-0.,0.,-1.));
#3919 = ORIENTED_EDGE('',*,*,#3920,.T.);
#3920 = EDGE_CURVE('',#3913,#3882,#3921,.T.);
#3921 = LINE('',#3922,#3923);
#3922 = CARTESIAN_POINT('',(69.505813953488,-47.28152252907,4.));
#3923 = VECTOR('',#3924,1.);
#3924 = DIRECTION('',(-1.,2.22044604925E-16,0.));
#3925 = ORIENTED_EDGE('',*,*,#3879,.F.);
#3926 = ORIENTED_EDGE('',*,*,#3927,.F.);
#3927 = EDGE_CURVE('',#3911,#3880,#3928,.T.);
#3928 = LINE('',#3929,#3930);
#3929 = CARTESIAN_POINT('',(69.505813953488,-47.28152252907,5.));
#3930 = VECTOR('',#3931,1.);
#3931 = DIRECTION('',(-1.,2.22044604925E-16,0.));
#3932 = PLANE('',#3933);
#3933 = AXIS2_PLACEMENT_3D('',#3934,#3935,#3936);
#3934 = CARTESIAN_POINT('',(69.505813953488,-47.28152252907,5.));
#3935 = DIRECTION('',(2.22044604925E-16,1.,0.));
#3936 = DIRECTION('',(-1.,2.22044604925E-16,0.));
#3937 = ADVANCED_FACE('',(#3938),#3963,.F.);
#3938 = FACE_BOUND('',#3939,.F.);
#3939 = EDGE_LOOP('',(#3940,#3950,#3956,#3957));
#3940 = ORIENTED_EDGE('',*,*,#3941,.T.);
#3941 = EDGE_CURVE('',#3942,#3944,#3946,.T.);
#3942 = VERTEX_POINT('',#3943);
#3943 = CARTESIAN_POINT('',(69.505813953488,-50.,5.));
#3944 = VERTEX_POINT('',#3945);
#3945 = CARTESIAN_POINT('',(69.505813953488,-50.,4.));
#3946 = LINE('',#3947,#3948);
#3947 = CARTESIAN_POINT('',(69.505813953488,-50.,5.));
#3948 = VECTOR('',#3949,1.);
#3949 = DIRECTION('',(-0.,0.,-1.));
#3950 = ORIENTED_EDGE('',*,*,#3951,.T.);
#3951 = EDGE_CURVE('',#3944,#3913,#3952,.T.);
#3952 = LINE('',#3953,#3954);
#3953 = CARTESIAN_POINT('',(69.505813953488,-50.,4.));
#3954 = VECTOR('',#3955,1.);
#3955 = DIRECTION('',(2.22044604925E-16,1.,0.));
#3956 = ORIENTED_EDGE('',*,*,#3910,.F.);
#3957 = ORIENTED_EDGE('',*,*,#3958,.F.);
#3958 = EDGE_CURVE('',#3942,#3911,#3959,.T.);
#3959 = LINE('',#3960,#3961);
#3960 = CARTESIAN_POINT('',(69.505813953488,-50.,5.));
#3961 = VECTOR('',#3962,1.);
#3962 = DIRECTION('',(2.22044604925E-16,1.,0.));
#3963 = PLANE('',#3964);
#3964 = AXIS2_PLACEMENT_3D('',#3965,#3966,#3967);
#3965 = CARTESIAN_POINT('',(69.505813953488,-50.,5.));
#3966 = DIRECTION('',(1.,-2.22044604925E-16,-0.));
#3967 = DIRECTION('',(2.22044604925E-16,1.,0.));
#3968 = ADVANCED_FACE('',(#3969),#3994,.F.);
#3969 = FACE_BOUND('',#3970,.F.);
#3970 = EDGE_LOOP('',(#3971,#3981,#3987,#3988));
#3971 = ORIENTED_EDGE('',*,*,#3972,.T.);
#3972 = EDGE_CURVE('',#3973,#3975,#3977,.T.);
#3973 = VERTEX_POINT('',#3974);
#3974 = CARTESIAN_POINT('',(70.639534883721,-50.,5.));
#3975 = VERTEX_POINT('',#3976);
#3976 = CARTESIAN_POINT('',(70.639534883721,-50.,4.));
#3977 = LINE('',#3978,#3979);
#3978 = CARTESIAN_POINT('',(70.639534883721,-50.,5.));
#3979 = VECTOR('',#3980,1.);
#3980 = DIRECTION('',(-0.,0.,-1.));
#3981 = ORIENTED_EDGE('',*,*,#3982,.T.);
#3982 = EDGE_CURVE('',#3975,#3944,#3983,.T.);
#3983 = LINE('',#3984,#3985);
#3984 = CARTESIAN_POINT('',(70.639534883721,-50.,4.));
#3985 = VECTOR('',#3986,1.);
#3986 = DIRECTION('',(-1.,2.22044604925E-16,0.));
#3987 = ORIENTED_EDGE('',*,*,#3941,.F.);
#3988 = ORIENTED_EDGE('',*,*,#3989,.F.);
#3989 = EDGE_CURVE('',#3973,#3942,#3990,.T.);
#3990 = LINE('',#3991,#3992);
#3991 = CARTESIAN_POINT('',(70.639534883721,-50.,5.));
#3992 = VECTOR('',#3993,1.);
#3993 = DIRECTION('',(-1.,2.22044604925E-16,0.));
#3994 = PLANE('',#3995);
#3995 = AXIS2_PLACEMENT_3D('',#3996,#3997,#3998);
#3996 = CARTESIAN_POINT('',(70.639534883721,-50.,5.));
#3997 = DIRECTION('',(2.22044604925E-16,1.,0.));
#3998 = DIRECTION('',(-1.,2.22044604925E-16,0.));
#3999 = ADVANCED_FACE('',(#4000),#4016,.F.);
#4000 = FACE_BOUND('',#4001,.F.);
#4001 = EDGE_LOOP('',(#4002,#4003,#4009,#4010));
#4002 = ORIENTED_EDGE('',*,*,#3671,.T.);
#4003 = ORIENTED_EDGE('',*,*,#4004,.T.);
#4004 = EDGE_CURVE('',#3664,#3975,#4005,.T.);
#4005 = LINE('',#4006,#4007);
#4006 = CARTESIAN_POINT('',(70.639534883721,-47.28152252907,4.));
#4007 = VECTOR('',#4008,1.);
#4008 = DIRECTION('',(-2.22044604925E-16,-1.,0.));
#4009 = ORIENTED_EDGE('',*,*,#3972,.F.);
#4010 = ORIENTED_EDGE('',*,*,#4011,.F.);
#4011 = EDGE_CURVE('',#3672,#3973,#4012,.T.);
#4012 = LINE('',#4013,#4014);
#4013 = CARTESIAN_POINT('',(70.639534883721,-47.28152252907,5.));
#4014 = VECTOR('',#4015,1.);
#4015 = DIRECTION('',(-2.22044604925E-16,-1.,0.));
#4016 = PLANE('',#4017);
#4017 = AXIS2_PLACEMENT_3D('',#4018,#4019,#4020);
#4018 = CARTESIAN_POINT('',(70.639534883721,-47.28152252907,5.));
#4019 = DIRECTION('',(-1.,2.22044604925E-16,0.));
#4020 = DIRECTION('',(-2.22044604925E-16,-1.,0.));
#4021 = ADVANCED_FACE('',(#4022),#4036,.T.);
#4022 = FACE_BOUND('',#4023,.T.);
#4023 = EDGE_LOOP('',(#4024,#4025,#4026,#4027,#4028,#4029,#4030,#4031,
    #4032,#4033,#4034,#4035));
#4024 = ORIENTED_EDGE('',*,*,#3679,.F.);
#4025 = ORIENTED_EDGE('',*,*,#3710,.F.);
#4026 = ORIENTED_EDGE('',*,*,#3741,.F.);
#4027 = ORIENTED_EDGE('',*,*,#3772,.F.);
#4028 = ORIENTED_EDGE('',*,*,#3803,.F.);
#4029 = ORIENTED_EDGE('',*,*,#3834,.F.);
#4030 = ORIENTED_EDGE('',*,*,#3865,.F.);
#4031 = ORIENTED_EDGE('',*,*,#3896,.F.);
#4032 = ORIENTED_EDGE('',*,*,#3927,.F.);
#4033 = ORIENTED_EDGE('',*,*,#3958,.F.);
#4034 = ORIENTED_EDGE('',*,*,#3989,.F.);
#4035 = ORIENTED_EDGE('',*,*,#4011,.F.);
#4036 = PLANE('',#4037);
#4037 = AXIS2_PLACEMENT_3D('',#4038,#4039,#4040);
#4038 = CARTESIAN_POINT('',(70.072674418605,-46.70239825581,5.));
#4039 = DIRECTION('',(0.,0.,1.));
#4040 = DIRECTION('',(2.22044604925E-16,1.,0.));
#4041 = ADVANCED_FACE('',(#4042),#4056,.F.);
#4042 = FACE_BOUND('',#4043,.F.);
#4043 = EDGE_LOOP('',(#4044,#4045,#4046,#4047,#4048,#4049,#4050,#4051,
    #4052,#4053,#4054,#4055));
#4044 = ORIENTED_EDGE('',*,*,#3663,.F.);
#4045 = ORIENTED_EDGE('',*,*,#3703,.F.);
#4046 = ORIENTED_EDGE('',*,*,#3734,.F.);
#4047 = ORIENTED_EDGE('',*,*,#3765,.F.);
#4048 = ORIENTED_EDGE('',*,*,#3796,.F.);
#4049 = ORIENTED_EDGE('',*,*,#3827,.F.);
#4050 = ORIENTED_EDGE('',*,*,#3858,.F.);
#4051 = ORIENTED_EDGE('',*,*,#3889,.F.);
#4052 = ORIENTED_EDGE('',*,*,#3920,.F.);
#4053 = ORIENTED_EDGE('',*,*,#3951,.F.);
#4054 = ORIENTED_EDGE('',*,*,#3982,.F.);
#4055 = ORIENTED_EDGE('',*,*,#4004,.F.);
#4056 = PLANE('',#4057);
#4057 = AXIS2_PLACEMENT_3D('',#4058,#4059,#4060);
#4058 = CARTESIAN_POINT('',(70.072674418605,-46.70239825581,4.));
#4059 = DIRECTION('',(0.,0.,1.));
#4060 = DIRECTION('',(2.22044604925E-16,1.,0.));
#4061 = ( GEOMETRIC_REPRESENTATION_CONTEXT(3) 
GLOBAL_UNCERTAINTY_ASSIGNED_CONTEXT((#4065)) 
GLOBAL_UNIT_ASSIGNED_CONTEXT((#4062,#4063,#4064)) REPRESENTATION_CONTEXT
('Context #1','3D Context with UNIT and UNCERTAINTY') );
#4062 = ( LENGTH_UNIT() NAMED_UNIT(*) SI_UNIT(.MILLI.,.METRE.) );
#4063 = ( NAMED_UNIT(*) PLANE_ANGLE_UNIT() SI_UNIT($,.RADIAN.) );
#4064 = ( NAMED_UNIT(*) SI_UNIT($,.STERADIAN.) SOLID_ANGLE_UNIT() );
#4065 = UNCERTAINTY_MEASURE_WITH_UNIT(LENGTH_MEASURE(1.E-07),#4062,
  'distance_accuracy_value','confusion accuracy');
#4066 = CONTEXT_DEPENDENT_SHAPE_REPRESENTATION(#4067,#4069);
#4067 = ( REPRESENTATION_RELATIONSHIP('','',#3646,#10) 
REPRESENTATION_RELATIONSHIP_WITH_TRANSFORMATION(#4068) 
SHAPE_REPRESENTATION_RELATIONSHIP() );
#4068 = ITEM_DEFINED_TRANSFORMATION('','',#11,#55);
#4069 = PRODUCT_DEFINITION_SHAPE('Placement','Placement of an item',
  #4070);
#4070 = NEXT_ASSEMBLY_USAGE_OCCURRENCE('18','=>[0:1:1:11]','',#5,#3641,$
  );
#4071 = PRODUCT_RELATED_PRODUCT_CATEGORY('part',$,(#3643));
#4072 = MECHANICAL_DESIGN_GEOMETRIC_PRESENTATION_REPRESENTATION('',(
    #4073),#3503);
#4073 = STYLED_ITEM('color',(#4074),#3118);
#4074 = PRESENTATION_STYLE_ASSIGNMENT((#4075,#4081));
#4075 = SURFACE_STYLE_USAGE(.BOTH.,#4076);
#4076 = SURFACE_SIDE_STYLE('',(#4077));
#4077 = SURFACE_STYLE_FILL_AREA(#4078);
#4078 = FILL_AREA_STYLE('',(#4079));
#4079 = FILL_AREA_STYLE_COLOUR('',#4080);
#4080 = COLOUR_RGB('',0.447059003357,0.474510015008,0.501960993452);
#4081 = CURVE_STYLE('',#4082,POSITIVE_LENGTH_MEASURE(0.1),#4080);
#4082 = DRAUGHTING_PRE_DEFINED_CURVE_FONT('continuous');
#4083 = MECHANICAL_DESIGN_GEOMETRIC_PRESENTATION_REPRESENTATION('',(
    #4084),#1851);
#4084 = STYLED_ITEM('color',(#4085),#1715);
#4085 = PRESENTATION_STYLE_ASSIGNMENT((#4086));
#4086 = SURFACE_STYLE_USAGE(.BOTH.,#4087);
#4087 = SURFACE_SIDE_STYLE('',(#4088));
#4088 = SURFACE_STYLE_FILL_AREA(#4089);
#4089 = FILL_AREA_STYLE('',(#4090));
#4090 = FILL_AREA_STYLE_COLOUR('',#4080);
#4091 = MECHANICAL_DESIGN_GEOMETRIC_PRESENTATION_REPRESENTATION('',(
    #4092),#2549);
#4092 = STYLED_ITEM('color',(#4093),#2445);
#4093 = PRESENTATION_STYLE_ASSIGNMENT((#4094));
#4094 = SURFACE_STYLE_USAGE(.BOTH.,#4095);
#4095 = SURFACE_SIDE_STYLE('',(#4096));
#4096 = SURFACE_STYLE_FILL_AREA(#4097);
#4097 = FILL_AREA_STYLE('',(#4098));
#4098 = FILL_AREA_STYLE_COLOUR('',#4080);
#4099 = MECHANICAL_DESIGN_GEOMETRIC_PRESENTATION_REPRESENTATION('',(
    #4100),#3099);
#4100 = STYLED_ITEM('color',(#4101),#3003);
#4101 = PRESENTATION_STYLE_ASSIGNMENT((#4102));
#4102 = SURFACE_STYLE_USAGE(.BOTH.,#4103);
#4103 = SURFACE_SIDE_STYLE('',(#4104));
#4104 = SURFACE_STYLE_FILL_AREA(#4105);
#4105 = FILL_AREA_STYLE('',(#4106));
#4106 = FILL_AREA_STYLE_COLOUR('',#4080);
#4107 = MECHANICAL_DESIGN_GEOMETRIC_PRESENTATION_REPRESENTATION('',(
    #4108,#4117),#1694);
#4108 = STYLED_ITEM('color',(#4109),#1492);
#4109 = PRESENTATION_STYLE_ASSIGNMENT((#4110,#4115));
#4110 = SURFACE_STYLE_USAGE(.BOTH.,#4111);
#4111 = SURFACE_SIDE_STYLE('',(#4112));
#4112 = SURFACE_STYLE_FILL_AREA(#4113);
#4113 = FILL_AREA_STYLE('',(#4114));
#4114 = FILL_AREA_STYLE_COLOUR('',#4080);
#4115 = CURVE_STYLE('',#4116,POSITIVE_LENGTH_MEASURE(0.1),#4080);
#4116 = DRAUGHTING_PRE_DEFINED_CURVE_FONT('continuous');
#4117 = STYLED_ITEM('color',(#4118),#1598);
#4118 = PRESENTATION_STYLE_ASSIGNMENT((#4119,#4124));
#4119 = SURFACE_STYLE_USAGE(.BOTH.,#4120);
#4120 = SURFACE_SIDE_STYLE('',(#4121));
#4121 = SURFACE_STYLE_FILL_AREA(#4122);
#4122 = FILL_AREA_STYLE('',(#4123));
#4123 = FILL_AREA_STYLE_COLOUR('',#4080);
#4124 = CURVE_STYLE('',#4125,POSITIVE_LENGTH_MEASURE(0.1),#4080);
#4125 = DRAUGHTING_PRE_DEFINED_CURVE_FONT('continuous');
#4126 = MECHANICAL_DESIGN_GEOMETRIC_PRESENTATION_REPRESENTATION('',(
    #4127),#1208);
#4127 = STYLED_ITEM('color',(#4128),#73);
#4128 = PRESENTATION_STYLE_ASSIGNMENT((#4129,#4137));
#4129 = SURFACE_STYLE_USAGE(.BOTH.,#4130);
#4130 = SURFACE_SIDE_STYLE('',(#4131,#4135));
#4131 = SURFACE_STYLE_FILL_AREA(#4132);
#4132 = FILL_AREA_STYLE('',(#4133));
#4133 = FILL_AREA_STYLE_COLOUR('',#4134);
#4134 = COLOUR_RGB('',0.447058818107,0.474509808674,0.501960817233);
#4135 = SURFACE_STYLE_RENDERING_WITH_PROPERTIES(.NORMAL_SHADING.,#4134,(
    #4136));
#4136 = SURFACE_STYLE_TRANSPARENT(0.699999988079);
#4137 = CURVE_STYLE('',#4138,POSITIVE_LENGTH_MEASURE(0.1),#4134);
#4138 = DRAUGHTING_PRE_DEFINED_CURVE_FONT('continuous');
#4139 = MECHANICAL_DESIGN_GEOMETRIC_PRESENTATION_REPRESENTATION('',(
    #4140),#2424);
#4140 = STYLED_ITEM('color',(#4141),#1870);
#4141 = PRESENTATION_STYLE_ASSIGNMENT((#4142,#4147));
#4142 = SURFACE_STYLE_USAGE(.BOTH.,#4143);
#4143 = SURFACE_SIDE_STYLE('',(#4144));
#4144 = SURFACE_STYLE_FILL_AREA(#4145);
#4145 = FILL_AREA_STYLE('',(#4146));
#4146 = FILL_AREA_STYLE_COLOUR('',#4080);
#4147 = CURVE_STYLE('',#4148,POSITIVE_LENGTH_MEASURE(0.1),#4080);
#4148 = DRAUGHTING_PRE_DEFINED_CURVE_FONT('continuous');
#4149 = MECHANICAL_DESIGN_GEOMETRIC_PRESENTATION_REPRESENTATION('',(
    #4150,#4159),#1471);
#4150 = STYLED_ITEM('color',(#4151),#1229);
#4151 = PRESENTATION_STYLE_ASSIGNMENT((#4152,#4157));
#4152 = SURFACE_STYLE_USAGE(.BOTH.,#4153);
#4153 = SURFACE_SIDE_STYLE('',(#4154));
#4154 = SURFACE_STYLE_FILL_AREA(#4155);
#4155 = FILL_AREA_STYLE('',(#4156));
#4156 = FILL_AREA_STYLE_COLOUR('',#4080);
#4157 = CURVE_STYLE('',#4158,POSITIVE_LENGTH_MEASURE(0.1),#4080);
#4158 = DRAUGHTING_PRE_DEFINED_CURVE_FONT('continuous');
#4159 = STYLED_ITEM('color',(#4160),#1335);
#4160 = PRESENTATION_STYLE_ASSIGNMENT((#4161,#4166));
#4161 = SURFACE_STYLE_USAGE(.BOTH.,#4162);
#4162 = SURFACE_SIDE_STYLE('',(#4163));
#4163 = SURFACE_STYLE_FILL_AREA(#4164);
#4164 = FILL_AREA_STYLE('',(#4165));
#4165 = FILL_AREA_STYLE_COLOUR('',#4080);
#4166 = CURVE_STYLE('',#4167,POSITIVE_LENGTH_MEASURE(0.1),#4080);
#4167 = DRAUGHTING_PRE_DEFINED_CURVE_FONT('continuous');
#4168 = MECHANICAL_DESIGN_GEOMETRIC_PRESENTATION_REPRESENTATION('',(
    #4169),#3628);
#4169 = STYLED_ITEM('color',(#4170),#3524);
#4170 = PRESENTATION_STYLE_ASSIGNMENT((#4171));
#4171 = SURFACE_STYLE_USAGE(.BOTH.,#4172);
#4172 = SURFACE_SIDE_STYLE('',(#4173));
#4173 = SURFACE_STYLE_FILL_AREA(#4174);
#4174 = FILL_AREA_STYLE('',(#4175));
#4175 = FILL_AREA_STYLE_COLOUR('',#4080);
#4176 = MECHANICAL_DESIGN_GEOMETRIC_PRESENTATION_REPRESENTATION('',(
    #4177),#4061);
#4177 = STYLED_ITEM('color',(#4178),#3647);
#4178 = PRESENTATION_STYLE_ASSIGNMENT((#4179,#4184));
#4179 = SURFACE_STYLE_USAGE(.BOTH.,#4180);
#4180 = SURFACE_SIDE_STYLE('',(#4181));
#4181 = SURFACE_STYLE_FILL_AREA(#4182);
#4182 = FILL_AREA_STYLE('',(#4183));
#4183 = FILL_AREA_STYLE_COLOUR('',#4080);
#4184 = CURVE_STYLE('',#4185,POSITIVE_LENGTH_MEASURE(0.1),#4080);
#4185 = DRAUGHTING_PRE_DEFINED_CURVE_FONT('continuous');
#4186 = MECHANICAL_DESIGN_GEOMETRIC_PRESENTATION_REPRESENTATION('',(
    #4187),#2982);
#4187 = STYLED_ITEM('color',(#4188),#2568);
#4188 = PRESENTATION_STYLE_ASSIGNMENT((#4189,#4194));
#4189 = SURFACE_STYLE_USAGE(.BOTH.,#4190);
#4190 = SURFACE_SIDE_STYLE('',(#4191));
#4191 = SURFACE_STYLE_FILL_AREA(#4192);
#4192 = FILL_AREA_STYLE('',(#4193));
#4193 = FILL_AREA_STYLE_COLOUR('',#4080);
#4194 = CURVE_STYLE('',#4195,POSITIVE_LENGTH_MEASURE(0.1),#4080);
#4195 = DRAUGHTING_PRE_DEFINED_CURVE_FONT('continuous');
ENDSEC;
END-ISO-10303-21;
